"feature_set","architecture","validation_year","seed","chosen_epochs"
"factors","no_hidden",2017,10,191
"factors","no_hidden",2017,42,80
"factors","no_hidden",2017,123,59
"factors","no_hidden",2017,2024,161
"factors","no_hidden",2017,31337,62
"factors","no_hidden",2018,10,45
"factors","no_hidden",2018,42,92
"factors","no_hidden",2018,123,32
"factors","no_hidden",2018,2024,220
"factors","no_hidden",2018,31337,300
"factors","no_hidden",2019,10,64
"factors","no_hidden",2019,42,80
"factors","no_hidden",2019,123,35
"factors","no_hidden",2019,2024,46
"factors","no_hidden",2019,31337,51
"factors","no_hidden",2020,10,300
"factors","no_hidden",2020,42,37
"factors","no_hidden",2020,123,16
"factors","no_hidden",2020,2024,23
"factors","no_hidden",2020,31337,24
"factors","no_hidden",2022,10,43
"factors","no_hidden",2022,42,107
"factors","no_hidden",2022,123,70
"factors","no_hidden",2022,2024,54
"factors","no_hidden",2022,31337,65
"factors","no_hidden",2023,10,61
"factors","no_hidden",2023,42,97
"factors","no_hidden",2023,123,291
"factors","no_hidden",2023,2024,32
"factors","no_hidden",2023,31337,153
"factors","no_hidden",2024,10,32
"factors","no_hidden",2024,42,300
"factors","no_hidden",2024,123,300
"factors","no_hidden",2024,2024,18
"factors","no_hidden",2024,31337,300
"factors","no_hidden",2025,10,131
"factors","no_hidden",2025,42,49
"factors","no_hidden",2025,123,81
"factors","no_hidden",2025,2024,31
"factors","no_hidden",2025,31337,43
"factors","class_16_8",2017,10,50
"factors","class_16_8",2017,42,67
"factors","class_16_8",2017,123,59
"factors","class_16_8",2017,2024,30
"factors","class_16_8",2017,31337,78
"factors","class_16_8",2018,10,41
"factors","class_16_8",2018,42,47
"factors","class_16_8",2018,123,38
"factors","class_16_8",2018,2024,67
"factors","class_16_8",2018,31337,55
"factors","class_16_8",2019,10,27
"factors","class_16_8",2019,42,104
"factors","class_16_8",2019,123,96
"factors","class_16_8",2019,2024,29
"factors","class_16_8",2019,31337,151
"factors","class_16_8",2020,10,31
"factors","class_16_8",2020,42,76
"factors","class_16_8",2020,123,83
"factors","class_16_8",2020,2024,11
"factors","class_16_8",2020,31337,15
"factors","class_16_8",2022,10,29
"factors","class_16_8",2022,42,47
"factors","class_16_8",2022,123,12
"factors","class_16_8",2022,2024,15
"factors","class_16_8",2022,31337,66
"factors","class_16_8",2023,10,19
"factors","class_16_8",2023,42,26
"factors","class_16_8",2023,123,14
"factors","class_16_8",2023,2024,34
"factors","class_16_8",2023,31337,71
"factors","class_16_8",2024,10,28
"factors","class_16_8",2024,42,76
"factors","class_16_8",2024,123,110
"factors","class_16_8",2024,2024,67
"factors","class_16_8",2024,31337,64
"factors","class_16_8",2025,10,73
"factors","class_16_8",2025,42,9
"factors","class_16_8",2025,123,10
"factors","class_16_8",2025,2024,22
"factors","class_16_8",2025,31337,15
"factors","class_16_8_drop",2017,10,159
"factors","class_16_8_drop",2017,42,92
"factors","class_16_8_drop",2017,123,153
"factors","class_16_8_drop",2017,2024,65
"factors","class_16_8_drop",2017,31337,117
"factors","class_16_8_drop",2018,10,99
"factors","class_16_8_drop",2018,42,40
"factors","class_16_8_drop",2018,123,139
"factors","class_16_8_drop",2018,2024,75
"factors","class_16_8_drop",2018,31337,153
"factors","class_16_8_drop",2019,10,46
"factors","class_16_8_drop",2019,42,72
"factors","class_16_8_drop",2019,123,35
"factors","class_16_8_drop",2019,2024,37
"factors","class_16_8_drop",2019,31337,95
"factors","class_16_8_drop",2020,10,55
"factors","class_16_8_drop",2020,42,68
"factors","class_16_8_drop",2020,123,66
"factors","class_16_8_drop",2020,2024,13
"factors","class_16_8_drop",2020,31337,108
"factors","class_16_8_drop",2022,10,32
"factors","class_16_8_drop",2022,42,25
"factors","class_16_8_drop",2022,123,35
"factors","class_16_8_drop",2022,2024,15
"factors","class_16_8_drop",2022,31337,47
"factors","class_16_8_drop",2023,10,37
"factors","class_16_8_drop",2023,42,59
"factors","class_16_8_drop",2023,123,92
"factors","class_16_8_drop",2023,2024,43
"factors","class_16_8_drop",2023,31337,127
"factors","class_16_8_drop",2024,10,25
"factors","class_16_8_drop",2024,42,120
"factors","class_16_8_drop",2024,123,46
"factors","class_16_8_drop",2024,2024,20
"factors","class_16_8_drop",2024,31337,147
"factors","class_16_8_drop",2025,10,61
"factors","class_16_8_drop",2025,42,115
"factors","class_16_8_drop",2025,123,143
"factors","class_16_8_drop",2025,2024,100
"factors","class_16_8_drop",2025,31337,106
"factors","wide_32_16_drop",2017,10,81
"factors","wide_32_16_drop",2017,42,48
"factors","wide_32_16_drop",2017,123,88
"factors","wide_32_16_drop",2017,2024,84
"factors","wide_32_16_drop",2017,31337,67
"factors","wide_32_16_drop",2018,10,74
"factors","wide_32_16_drop",2018,42,105
"factors","wide_32_16_drop",2018,123,47
"factors","wide_32_16_drop",2018,2024,54
"factors","wide_32_16_drop",2018,31337,67
"factors","wide_32_16_drop",2019,10,42
"factors","wide_32_16_drop",2019,42,58
"factors","wide_32_16_drop",2019,123,86
"factors","wide_32_16_drop",2019,2024,37
"factors","wide_32_16_drop",2019,31337,39
"factors","wide_32_16_drop",2020,10,10
"factors","wide_32_16_drop",2020,42,10
"factors","wide_32_16_drop",2020,123,58
"factors","wide_32_16_drop",2020,2024,12
"factors","wide_32_16_drop",2020,31337,13
"factors","wide_32_16_drop",2022,10,70
"factors","wide_32_16_drop",2022,42,11
"factors","wide_32_16_drop",2022,123,33
"factors","wide_32_16_drop",2022,2024,59
"factors","wide_32_16_drop",2022,31337,11
"factors","wide_32_16_drop",2023,10,61
"factors","wide_32_16_drop",2023,42,41
"factors","wide_32_16_drop",2023,123,46
"factors","wide_32_16_drop",2023,2024,114
"factors","wide_32_16_drop",2023,31337,50
"factors","wide_32_16_drop",2024,10,68
"factors","wide_32_16_drop",2024,42,32
"factors","wide_32_16_drop",2024,123,27
"factors","wide_32_16_drop",2024,2024,11
"factors","wide_32_16_drop",2024,31337,23
"factors","wide_32_16_drop",2025,10,105
"factors","wide_32_16_drop",2025,42,97
"factors","wide_32_16_drop",2025,123,157
"factors","wide_32_16_drop",2025,2024,72
"factors","wide_32_16_drop",2025,31337,86
"factors","shallow_8_drop",2017,10,123
"factors","shallow_8_drop",2017,42,155
"factors","shallow_8_drop",2017,123,141
"factors","shallow_8_drop",2017,2024,164
"factors","shallow_8_drop",2017,31337,114
"factors","shallow_8_drop",2018,10,73
"factors","shallow_8_drop",2018,42,43
"factors","shallow_8_drop",2018,123,173
"factors","shallow_8_drop",2018,2024,85
"factors","shallow_8_drop",2018,31337,94
"factors","shallow_8_drop",2019,10,91
"factors","shallow_8_drop",2019,42,79
"factors","shallow_8_drop",2019,123,101
"factors","shallow_8_drop",2019,2024,44
"factors","shallow_8_drop",2019,31337,84
"factors","shallow_8_drop",2020,10,53
"factors","shallow_8_drop",2020,42,87
"factors","shallow_8_drop",2020,123,25
"factors","shallow_8_drop",2020,2024,14
"factors","shallow_8_drop",2020,31337,13
"factors","shallow_8_drop",2022,10,69
"factors","shallow_8_drop",2022,42,41
"factors","shallow_8_drop",2022,123,3
"factors","shallow_8_drop",2022,2024,7
"factors","shallow_8_drop",2022,31337,16
"factors","shallow_8_drop",2023,10,49
"factors","shallow_8_drop",2023,42,54
"factors","shallow_8_drop",2023,123,61
"factors","shallow_8_drop",2023,2024,44
"factors","shallow_8_drop",2023,31337,20
"factors","shallow_8_drop",2024,10,50
"factors","shallow_8_drop",2024,42,34
"factors","shallow_8_drop",2024,123,47
"factors","shallow_8_drop",2024,2024,28
"factors","shallow_8_drop",2024,31337,50
"factors","shallow_8_drop",2025,10,41
"factors","shallow_8_drop",2025,42,72
"factors","shallow_8_drop",2025,123,63
"factors","shallow_8_drop",2025,2024,78
"factors","shallow_8_drop",2025,31337,76
"factors_plus_prior","no_hidden",2017,10,300
"factors_plus_prior","no_hidden",2017,42,300
"factors_plus_prior","no_hidden",2017,123,181
"factors_plus_prior","no_hidden",2017,2024,300
"factors_plus_prior","no_hidden",2017,31337,300
"factors_plus_prior","no_hidden",2018,10,300
"factors_plus_prior","no_hidden",2018,42,120
"factors_plus_prior","no_hidden",2018,123,198
"factors_plus_prior","no_hidden",2018,2024,245
"factors_plus_prior","no_hidden",2018,31337,300
"factors_plus_prior","no_hidden",2019,10,300
"factors_plus_prior","no_hidden",2019,42,300
"factors_plus_prior","no_hidden",2019,123,300
"factors_plus_prior","no_hidden",2019,2024,300
"factors_plus_prior","no_hidden",2019,31337,300
"factors_plus_prior","no_hidden",2020,10,300
"factors_plus_prior","no_hidden",2020,42,300
"factors_plus_prior","no_hidden",2020,123,300
"factors_plus_prior","no_hidden",2020,2024,300
"factors_plus_prior","no_hidden",2020,31337,300
"factors_plus_prior","no_hidden",2023,10,80
"factors_plus_prior","no_hidden",2023,42,109
"factors_plus_prior","no_hidden",2023,123,116
"factors_plus_prior","no_hidden",2023,2024,300
"factors_plus_prior","no_hidden",2023,31337,84
"factors_plus_prior","no_hidden",2024,10,181
"factors_plus_prior","no_hidden",2024,42,263
"factors_plus_prior","no_hidden",2024,123,300
"factors_plus_prior","no_hidden",2024,2024,174
"factors_plus_prior","no_hidden",2024,31337,300
"factors_plus_prior","no_hidden",2025,10,147
"factors_plus_prior","no_hidden",2025,42,112
"factors_plus_prior","no_hidden",2025,123,227
"factors_plus_prior","no_hidden",2025,2024,230
"factors_plus_prior","no_hidden",2025,31337,84
"factors_plus_prior","class_16_8",2017,10,44
"factors_plus_prior","class_16_8",2017,42,77
"factors_plus_prior","class_16_8",2017,123,28
"factors_plus_prior","class_16_8",2017,2024,40
"factors_plus_prior","class_16_8",2017,31337,46
"factors_plus_prior","class_16_8",2018,10,57
"factors_plus_prior","class_16_8",2018,42,24
"factors_plus_prior","class_16_8",2018,123,89
"factors_plus_prior","class_16_8",2018,2024,21
"factors_plus_prior","class_16_8",2018,31337,40
"factors_plus_prior","class_16_8",2019,10,40
"factors_plus_prior","class_16_8",2019,42,51
"factors_plus_prior","class_16_8",2019,123,114
"factors_plus_prior","class_16_8",2019,2024,118
"factors_plus_prior","class_16_8",2019,31337,116
"factors_plus_prior","class_16_8",2020,10,47
"factors_plus_prior","class_16_8",2020,42,40
"factors_plus_prior","class_16_8",2020,123,51
"factors_plus_prior","class_16_8",2020,2024,34
"factors_plus_prior","class_16_8",2020,31337,14
"factors_plus_prior","class_16_8",2023,10,37
"factors_plus_prior","class_16_8",2023,42,50
"factors_plus_prior","class_16_8",2023,123,19
"factors_plus_prior","class_16_8",2023,2024,31
"factors_plus_prior","class_16_8",2023,31337,49
"factors_plus_prior","class_16_8",2024,10,65
"factors_plus_prior","class_16_8",2024,42,61
"factors_plus_prior","class_16_8",2024,123,26
"factors_plus_prior","class_16_8",2024,2024,48
"factors_plus_prior","class_16_8",2024,31337,72
"factors_plus_prior","class_16_8",2025,10,94
"factors_plus_prior","class_16_8",2025,42,33
"factors_plus_prior","class_16_8",2025,123,23
"factors_plus_prior","class_16_8",2025,2024,66
"factors_plus_prior","class_16_8",2025,31337,24
"factors_plus_prior","class_16_8_drop",2017,10,95
"factors_plus_prior","class_16_8_drop",2017,42,118
"factors_plus_prior","class_16_8_drop",2017,123,69
"factors_plus_prior","class_16_8_drop",2017,2024,65
"factors_plus_prior","class_16_8_drop",2017,31337,181
"factors_plus_prior","class_16_8_drop",2018,10,99
"factors_plus_prior","class_16_8_drop",2018,42,178
"factors_plus_prior","class_16_8_drop",2018,123,58
"factors_plus_prior","class_16_8_drop",2018,2024,75
"factors_plus_prior","class_16_8_drop",2018,31337,136
"factors_plus_prior","class_16_8_drop",2019,10,62
"factors_plus_prior","class_16_8_drop",2019,42,188
"factors_plus_prior","class_16_8_drop",2019,123,96
"factors_plus_prior","class_16_8_drop",2019,2024,70
"factors_plus_prior","class_16_8_drop",2019,31337,123
"factors_plus_prior","class_16_8_drop",2020,10,125
"factors_plus_prior","class_16_8_drop",2020,42,59
"factors_plus_prior","class_16_8_drop",2020,123,74
"factors_plus_prior","class_16_8_drop",2020,2024,13
"factors_plus_prior","class_16_8_drop",2020,31337,63
"factors_plus_prior","class_16_8_drop",2023,10,58
"factors_plus_prior","class_16_8_drop",2023,42,24
"factors_plus_prior","class_16_8_drop",2023,123,39
"factors_plus_prior","class_16_8_drop",2023,2024,47
"factors_plus_prior","class_16_8_drop",2023,31337,50
"factors_plus_prior","class_16_8_drop",2024,10,32
"factors_plus_prior","class_16_8_drop",2024,42,161
"factors_plus_prior","class_16_8_drop",2024,123,27
"factors_plus_prior","class_16_8_drop",2024,2024,65
"factors_plus_prior","class_16_8_drop",2024,31337,97
"factors_plus_prior","class_16_8_drop",2025,10,36
"factors_plus_prior","class_16_8_drop",2025,42,56
"factors_plus_prior","class_16_8_drop",2025,123,72
"factors_plus_prior","class_16_8_drop",2025,2024,33
"factors_plus_prior","class_16_8_drop",2025,31337,127
"factors_plus_prior","wide_32_16_drop",2017,10,43
"factors_plus_prior","wide_32_16_drop",2017,42,26
"factors_plus_prior","wide_32_16_drop",2017,123,85
"factors_plus_prior","wide_32_16_drop",2017,2024,51
"factors_plus_prior","wide_32_16_drop",2017,31337,27
"factors_plus_prior","wide_32_16_drop",2018,10,60
"factors_plus_prior","wide_32_16_drop",2018,42,56
"factors_plus_prior","wide_32_16_drop",2018,123,45
"factors_plus_prior","wide_32_16_drop",2018,2024,34
"factors_plus_prior","wide_32_16_drop",2018,31337,29
"factors_plus_prior","wide_32_16_drop",2019,10,75
"factors_plus_prior","wide_32_16_drop",2019,42,48
"factors_plus_prior","wide_32_16_drop",2019,123,131
"factors_plus_prior","wide_32_16_drop",2019,2024,37
"factors_plus_prior","wide_32_16_drop",2019,31337,97
"factors_plus_prior","wide_32_16_drop",2020,10,27
"factors_plus_prior","wide_32_16_drop",2020,42,10
"factors_plus_prior","wide_32_16_drop",2020,123,42
"factors_plus_prior","wide_32_16_drop",2020,2024,14
"factors_plus_prior","wide_32_16_drop",2020,31337,8
"factors_plus_prior","wide_32_16_drop",2023,10,46
"factors_plus_prior","wide_32_16_drop",2023,42,56
"factors_plus_prior","wide_32_16_drop",2023,123,20
"factors_plus_prior","wide_32_16_drop",2023,2024,36
"factors_plus_prior","wide_32_16_drop",2023,31337,14
"factors_plus_prior","wide_32_16_drop",2024,10,47
"factors_plus_prior","wide_32_16_drop",2024,42,75
"factors_plus_prior","wide_32_16_drop",2024,123,86
"factors_plus_prior","wide_32_16_drop",2024,2024,67
"factors_plus_prior","wide_32_16_drop",2024,31337,23
"factors_plus_prior","wide_32_16_drop",2025,10,100
"factors_plus_prior","wide_32_16_drop",2025,42,30
"factors_plus_prior","wide_32_16_drop",2025,123,105
"factors_plus_prior","wide_32_16_drop",2025,2024,67
"factors_plus_prior","wide_32_16_drop",2025,31337,60
"factors_plus_prior","shallow_8_drop",2017,10,107
"factors_plus_prior","shallow_8_drop",2017,42,122
"factors_plus_prior","shallow_8_drop",2017,123,41
"factors_plus_prior","shallow_8_drop",2017,2024,43
"factors_plus_prior","shallow_8_drop",2017,31337,125
"factors_plus_prior","shallow_8_drop",2018,10,57
"factors_plus_prior","shallow_8_drop",2018,42,112
"factors_plus_prior","shallow_8_drop",2018,123,147
"factors_plus_prior","shallow_8_drop",2018,2024,91
"factors_plus_prior","shallow_8_drop",2018,31337,107
"factors_plus_prior","shallow_8_drop",2019,10,93
"factors_plus_prior","shallow_8_drop",2019,42,113
"factors_plus_prior","shallow_8_drop",2019,123,101
"factors_plus_prior","shallow_8_drop",2019,2024,56
"factors_plus_prior","shallow_8_drop",2019,31337,83
"factors_plus_prior","shallow_8_drop",2020,10,126
"factors_plus_prior","shallow_8_drop",2020,42,58
"factors_plus_prior","shallow_8_drop",2020,123,25
"factors_plus_prior","shallow_8_drop",2020,2024,44
"factors_plus_prior","shallow_8_drop",2020,31337,98
"factors_plus_prior","shallow_8_drop",2023,10,172
"factors_plus_prior","shallow_8_drop",2023,42,41
"factors_plus_prior","shallow_8_drop",2023,123,10
"factors_plus_prior","shallow_8_drop",2023,2024,7
"factors_plus_prior","shallow_8_drop",2023,31337,23
"factors_plus_prior","shallow_8_drop",2024,10,87
"factors_plus_prior","shallow_8_drop",2024,42,42
"factors_plus_prior","shallow_8_drop",2024,123,64
"factors_plus_prior","shallow_8_drop",2024,2024,123
"factors_plus_prior","shallow_8_drop",2024,31337,115
"factors_plus_prior","shallow_8_drop",2025,10,61
"factors_plus_prior","shallow_8_drop",2025,42,36
"factors_plus_prior","shallow_8_drop",2025,123,31
"factors_plus_prior","shallow_8_drop",2025,2024,59
"factors_plus_prior","shallow_8_drop",2025,31337,61
"prior_only","no_hidden",2017,10,1
"prior_only","no_hidden",2017,42,22
"prior_only","no_hidden",2017,123,300
"prior_only","no_hidden",2017,2024,1
"prior_only","no_hidden",2017,31337,300
"prior_only","no_hidden",2018,10,37
"prior_only","no_hidden",2018,42,47
"prior_only","no_hidden",2018,123,209
"prior_only","no_hidden",2018,2024,6
"prior_only","no_hidden",2018,31337,299
"prior_only","no_hidden",2019,10,22
"prior_only","no_hidden",2019,42,26
"prior_only","no_hidden",2019,123,197
"prior_only","no_hidden",2019,2024,1
"prior_only","no_hidden",2019,31337,263
"prior_only","no_hidden",2020,10,130
"prior_only","no_hidden",2020,42,92
"prior_only","no_hidden",2020,123,23
"prior_only","no_hidden",2020,2024,152
"prior_only","no_hidden",2020,31337,121
"prior_only","no_hidden",2023,10,15
"prior_only","no_hidden",2023,42,25
"prior_only","no_hidden",2023,123,162
"prior_only","no_hidden",2023,2024,1
"prior_only","no_hidden",2023,31337,207
"prior_only","no_hidden",2024,10,14
"prior_only","no_hidden",2024,42,20
"prior_only","no_hidden",2024,123,124
"prior_only","no_hidden",2024,2024,1
"prior_only","no_hidden",2024,31337,198
"prior_only","no_hidden",2025,10,8
"prior_only","no_hidden",2025,42,13
"prior_only","no_hidden",2025,123,111
"prior_only","no_hidden",2025,2024,1
"prior_only","no_hidden",2025,31337,183
"prior_only","class_16_8",2017,10,187
"prior_only","class_16_8",2017,42,224
"prior_only","class_16_8",2017,123,90
"prior_only","class_16_8",2017,2024,286
"prior_only","class_16_8",2017,31337,48
"prior_only","class_16_8",2018,10,292
"prior_only","class_16_8",2018,42,300
"prior_only","class_16_8",2018,123,300
"prior_only","class_16_8",2018,2024,169
"prior_only","class_16_8",2018,31337,262
"prior_only","class_16_8",2019,10,36
"prior_only","class_16_8",2019,42,28
"prior_only","class_16_8",2019,123,42
"prior_only","class_16_8",2019,2024,85
"prior_only","class_16_8",2019,31337,19
"prior_only","class_16_8",2020,10,15
"prior_only","class_16_8",2020,42,15
"prior_only","class_16_8",2020,123,218
"prior_only","class_16_8",2020,2024,33
"prior_only","class_16_8",2020,31337,11
"prior_only","class_16_8",2023,10,63
"prior_only","class_16_8",2023,42,125
"prior_only","class_16_8",2023,123,122
"prior_only","class_16_8",2023,2024,47
"prior_only","class_16_8",2023,31337,63
"prior_only","class_16_8",2024,10,233
"prior_only","class_16_8",2024,42,85
"prior_only","class_16_8",2024,123,67
"prior_only","class_16_8",2024,2024,25
"prior_only","class_16_8",2024,31337,57
"prior_only","class_16_8",2025,10,52
"prior_only","class_16_8",2025,42,209
"prior_only","class_16_8",2025,123,289
"prior_only","class_16_8",2025,2024,77
"prior_only","class_16_8",2025,31337,73
