"sample_id","model","lambda_rule","fold","validation_year","group","n","rmse","mae","r2"
"S0_primary","state_time_baseline","none",1,2017,"all",68,22.5982355390499,14.8583492131783,0.0691862923583655
"S0_primary","pooled_lasso","min",1,2017,"all",68,15.156663662781,10.2817639212253,0.581282670690317
"S0_primary","pooled_lasso","1se",1,2017,"all",68,17.2763693649305,10.8568866690574,0.455975235506436
"S0_primary","pooled_lasso_state_interactions","min",1,2017,"all",68,14.178180528825,9.79490889718682,0.633600635142762
"S0_primary","pooled_lasso_state_interactions","1se",1,2017,"all",68,15.6111241476508,10.3736547155756,0.555796410781539
"S0_primary","state_time_baseline","none",2,2018,"all",69,24.162499934654,15.6709484965641,0.0560796524537296
"S0_primary","pooled_lasso","min",2,2018,"all",69,15.9886544120104,10.4526361077836,0.586690443265286
"S0_primary","pooled_lasso","1se",2,2018,"all",69,17.6916201315099,10.5716502527753,0.493957691982407
"S0_primary","pooled_lasso_state_interactions","min",2,2018,"all",69,15.9593562822518,10.1379131798978,0.588203779168223
"S0_primary","pooled_lasso_state_interactions","1se",2,2018,"all",69,16.1603141278102,10.3354166566483,0.577767933146476
"S0_primary","state_time_baseline","none",3,2019,"all",69,22.4779507523863,15.3783659935515,0.133092753605574
"S0_primary","pooled_lasso","min",3,2019,"all",69,18.1099892870642,11.8367764980655,0.437275804093771
"S0_primary","pooled_lasso","1se",3,2019,"all",69,18.2607047515156,11.5402333000772,0.427870591706645
"S0_primary","pooled_lasso_state_interactions","min",3,2019,"all",69,17.7132795543569,11.623481588132,0.46165937292241
"S0_primary","pooled_lasso_state_interactions","1se",3,2019,"all",69,18.0373125892943,11.5933599655357,0.441783247415134
"S0_primary","state_time_baseline","none",4,2020,"all",70,21.1367781762659,14.3305337698207,0.193914532507191
"S0_primary","pooled_lasso","min",4,2020,"all",70,16.542367036669,10.5161250686722,0.506259426204639
"S0_primary","pooled_lasso","1se",4,2020,"all",70,16.5239665656432,10.0107416139738,0.507357214246439
"S0_primary","pooled_lasso_state_interactions","min",4,2020,"all",70,15.6710862927174,10.2206920299043,0.556900034342395
"S0_primary","pooled_lasso_state_interactions","1se",4,2020,"all",70,16.2367083194951,10.1277902517252,0.524336869045423
"S0_primary","state_time_baseline","none",5,2022,"all",70,22.0222209545792,15.3461423767643,0.206692127141056
"S0_primary","pooled_lasso","min",5,2022,"all",70,14.0908838747205,9.12529568693356,0.675214969254657
"S0_primary","pooled_lasso","1se",5,2022,"all",70,15.0622107193574,9.30881284477418,0.628894858815222
"S0_primary","pooled_lasso_state_interactions","min",5,2022,"all",70,12.7673832623127,8.81051281929718,0.733361213541562
"S0_primary","pooled_lasso_state_interactions","1se",5,2022,"all",70,13.7744511941479,8.79361508317577,0.689638285725969
"S0_primary","state_time_baseline","none",6,2023,"all",69,20.8667290782308,14.6125581051526,0.228838839213804
"S0_primary","pooled_lasso","min",6,2023,"all",69,15.6004365289326,10.8833369295284,0.568967621183286
"S0_primary","pooled_lasso","1se",6,2023,"all",69,14.1654732209946,8.50326211538882,0.644615429558683
"S0_primary","pooled_lasso_state_interactions","min",6,2023,"all",69,14.4008364478112,10.883127030733,0.632707695059161
"S0_primary","pooled_lasso_state_interactions","1se",6,2023,"all",69,14.8825229878439,10.1377407255299,0.60772600576856
"S0_primary","state_time_baseline","none",7,2024,"all",70,21.7789159004877,14.9321514383874,0.256371944445206
"S0_primary","pooled_lasso","min",7,2024,"all",70,13.7583320249406,9.10264984864022,0.703233535687605
"S0_primary","pooled_lasso","1se",7,2024,"all",70,14.1959190449728,8.77101079384492,0.684055878840998
"S0_primary","pooled_lasso_state_interactions","min",7,2024,"all",70,13.1637846985866,9.64207976856302,0.72832805516462
"S0_primary","pooled_lasso_state_interactions","1se",7,2024,"all",70,13.2764764806288,8.8806293670777,0.723656717746985
"S0_primary","state_time_baseline","none",8,2025,"all",70,20.2158902361067,14.7430402325714,0.322289750759532
"S0_primary","pooled_lasso","min",8,2025,"all",70,12.4655531047185,9.10905760468411,0.742319580815399
"S0_primary","pooled_lasso","1se",8,2025,"all",70,12.420101809163,8.92466660000492,0.744195238814004
"S0_primary","pooled_lasso_state_interactions","min",8,2025,"all",70,13.021320059312,10.0394884651854,0.718830415197836
"S0_primary","pooled_lasso_state_interactions","1se",8,2025,"all",70,12.3018276875442,9.09447264229079,0.749043995671666
"S1_split_county_excluded","state_time_baseline","none",1,2017,"all",61,23.438677845533,15.3976961226694,0.0573691340748232
"S1_split_county_excluded","pooled_lasso","min",1,2017,"all",61,15.1634917027843,10.2735454541557,0.605475595886571
"S1_split_county_excluded","pooled_lasso","1se",1,2017,"all",61,16.7880725988312,10.9301796011695,0.516410220231894
"S1_split_county_excluded","pooled_lasso_state_interactions","min",1,2017,"all",61,13.9582430614679,9.60373830160267,0.665699558703572
"S1_split_county_excluded","pooled_lasso_state_interactions","1se",1,2017,"all",61,15.9156823524863,10.7762422874113,0.565363732653889
"S1_split_county_excluded","state_time_baseline","none",2,2018,"all",62,25.1147278653274,16.3257974324221,0.0432905061138855
"S1_split_county_excluded","pooled_lasso","min",2,2018,"all",62,16.0903967219646,10.2212833651555,0.607303857987781
"S1_split_county_excluded","pooled_lasso","1se",2,2018,"all",62,17.4689812821542,10.7213805054099,0.537130793379064
"S1_split_county_excluded","pooled_lasso_state_interactions","min",2,2018,"all",62,15.6833198350151,9.91117468438256,0.626922438994728
"S1_split_county_excluded","pooled_lasso_state_interactions","1se",2,2018,"all",62,16.5549031226056,10.4777639648367,0.584303452367706
"S1_split_county_excluded","state_time_baseline","none",3,2019,"all",62,23.3358106812752,16.0807118668958,0.116161058096937
"S1_split_county_excluded","pooled_lasso","min",3,2019,"all",62,17.5909273474582,11.5229544276095,0.49776749539926
"S1_split_county_excluded","pooled_lasso","1se",3,2019,"all",62,17.7979617292632,11.7829425269904,0.485875992378909
"S1_split_county_excluded","pooled_lasso_state_interactions","min",3,2019,"all",62,17.255338802963,11.1833822266067,0.51674725572785
"S1_split_county_excluded","pooled_lasso_state_interactions","1se",3,2019,"all",62,17.5754254234829,11.6620220724245,0.498652285547228
"S1_split_county_excluded","state_time_baseline","none",4,2020,"all",63,21.5788315047156,14.6915682085147,0.181606213292294
"S1_split_county_excluded","pooled_lasso","min",4,2020,"all",63,16.0673290168606,10.3084338094419,0.546273808594572
"S1_split_county_excluded","pooled_lasso","1se",4,2020,"all",63,16.0965787046201,10.0693383523158,0.544620337841168
"S1_split_county_excluded","pooled_lasso_state_interactions","min",4,2020,"all",63,15.6590874397982,10.1590036642255,0.569037606925343
"S1_split_county_excluded","pooled_lasso_state_interactions","1se",4,2020,"all",63,15.6581076154438,10.0000045728938,0.569091537812325
"S1_split_county_excluded","state_time_baseline","none",5,2022,"all",63,21.9548606739913,15.3035287674862,0.202708651153873
"S1_split_county_excluded","pooled_lasso","min",5,2022,"all",63,13.7871329777368,8.7706212253049,0.685584744658998
"S1_split_county_excluded","pooled_lasso","1se",5,2022,"all",63,14.6407209809537,9.03026081444704,0.645447453464544
"S1_split_county_excluded","pooled_lasso_state_interactions","min",5,2022,"all",63,12.9959364225632,8.76818264973543,0.720635744855239
"S1_split_county_excluded","pooled_lasso_state_interactions","1se",5,2022,"all",63,13.8635535903668,8.64020352142429,0.682089543987352
"S1_split_county_excluded","state_time_baseline","none",6,2023,"all",62,20.4105265872664,14.2833062952221,0.227561404550542
"S1_split_county_excluded","pooled_lasso","min",6,2023,"all",62,14.3186151432528,9.7629753059694,0.619847738128872
"S1_split_county_excluded","pooled_lasso","1se",6,2023,"all",62,13.6826387398439,8.00987930866398,0.652867506922536
"S1_split_county_excluded","pooled_lasso_state_interactions","min",6,2023,"all",62,14.9073309128193,11.7180096537132,0.587944865215071
"S1_split_county_excluded","pooled_lasso_state_interactions","1se",6,2023,"all",62,13.7631586285231,8.77992950996854,0.64876985971243
"S1_split_county_excluded","state_time_baseline","none",7,2024,"all",63,21.6118852364382,14.6664952252533,0.247917185998585
"S1_split_county_excluded","pooled_lasso","min",7,2024,"all",63,13.4311920427981,8.94785108391291,0.709524520763469
"S1_split_county_excluded","pooled_lasso","1se",7,2024,"all",63,13.8907376619879,8.59278193779571,0.689307350934983
"S1_split_county_excluded","pooled_lasso_state_interactions","min",7,2024,"all",63,13.2975791294186,9.74146450673117,0.715275049605029
"S1_split_county_excluded","pooled_lasso_state_interactions","1se",7,2024,"all",63,13.7519797495637,8.83674439815838,0.695483515376928
"S1_split_county_excluded","state_time_baseline","none",8,2025,"all",63,19.7899387003302,14.3750055189029,0.319166871431955
"S1_split_county_excluded","pooled_lasso","min",8,2025,"all",63,12.4556456703432,9.01804675078961,0.730297934574351
"S1_split_county_excluded","pooled_lasso","1se",8,2025,"all",63,12.0372578563533,8.5276657720205,0.748112329689653
"S1_split_county_excluded","pooled_lasso_state_interactions","min",8,2025,"all",63,13.2145620169398,10.2952242281395,0.696431063718443
"S1_split_county_excluded","pooled_lasso_state_interactions","1se",8,2025,"all",63,12.1288469315972,8.59332007410895,0.744264621654202
"S2_stable_cocs","state_time_baseline","none",1,2017,"all",65,18.412752434813,13.2730487417636,0.0564236519952734
"S2_stable_cocs","pooled_lasso","min",1,2017,"all",65,13.7615098104862,9.34733947327339,0.47292576586346
"S2_stable_cocs","pooled_lasso","1se",1,2017,"all",65,15.4896388652163,11.4041092900909,0.332237228227769
"S2_stable_cocs","pooled_lasso_state_interactions","min",1,2017,"all",65,12.6319647258353,9.05608459144154,0.555899331672962
"S2_stable_cocs","pooled_lasso_state_interactions","1se",1,2017,"all",65,13.386038892866,9.24206620276189,0.501294930208473
"S2_stable_cocs","state_time_baseline","none",2,2018,"all",65,22.1281415280569,14.0757819499672,0.0316512743864581
"S2_stable_cocs","pooled_lasso","min",2,2018,"all",65,14.5374143551337,8.90628857595088,0.582057782380293
"S2_stable_cocs","pooled_lasso","1se",2,2018,"all",65,17.8893401247521,11.4664590312854,0.367106628848049
"S2_stable_cocs","pooled_lasso_state_interactions","min",2,2018,"all",65,13.4273849783306,9.10212593381522,0.643446432570658
"S2_stable_cocs","pooled_lasso_state_interactions","1se",2,2018,"all",65,14.4576225115522,8.93967933187332,0.586633129718987
"S2_stable_cocs","state_time_baseline","none",3,2019,"all",65,21.9397782658785,14.5529116300878,0.0890592905334533
"S2_stable_cocs","pooled_lasso","min",3,2019,"all",65,18.8052329625974,11.0041636280104,0.330758169239549
"S2_stable_cocs","pooled_lasso","1se",3,2019,"all",65,19.401226681973,11.9902985368261,0.287665427947111
"S2_stable_cocs","pooled_lasso_state_interactions","min",3,2019,"all",65,16.9470220265507,10.6918790180398,0.456483878282885
"S2_stable_cocs","pooled_lasso_state_interactions","1se",3,2019,"all",65,18.9056577879575,10.8134607835067,0.32359123336446
"S2_stable_cocs","state_time_baseline","none",4,2020,"all",65,21.4749484663547,14.1715457122406,0.142577631301432
"S2_stable_cocs","pooled_lasso","min",4,2020,"all",65,15.0900830281438,9.49573765624785,0.5766361154507
"S2_stable_cocs","pooled_lasso","1se",4,2020,"all",65,17.2587199085448,10.7994171630178,0.446206683690923
"S2_stable_cocs","pooled_lasso_state_interactions","min",4,2020,"all",65,13.8302795081156,9.49549013723476,0.644374853090842
"S2_stable_cocs","pooled_lasso_state_interactions","1se",4,2020,"all",65,14.7854501509394,8.95440680921725,0.593556997017846
"S2_stable_cocs","state_time_baseline","none",5,2022,"all",65,22.2121452897903,15.151421268642,0.163308046999066
"S2_stable_cocs","pooled_lasso","min",5,2022,"all",65,13.2634466052488,8.51963968268231,0.701669697951233
"S2_stable_cocs","pooled_lasso","1se",5,2022,"all",65,16.0884667751639,10.2466922665945,0.56105116876161
"S2_stable_cocs","pooled_lasso_state_interactions","min",5,2022,"all",65,12.6455139026339,9.85197246868847,0.728820067792303
"S2_stable_cocs","pooled_lasso_state_interactions","1se",5,2022,"all",65,12.8628005451619,9.11671315978733,0.719420684227677
"S2_stable_cocs","state_time_baseline","none",6,2023,"all",65,21.7218503174805,14.8331458024486,0.179808582576073
"S2_stable_cocs","pooled_lasso","min",6,2023,"all",65,13.8475609337995,9.35368603330591,0.666674793536663
"S2_stable_cocs","pooled_lasso","1se",6,2023,"all",65,14.6300717150434,9.12876728638338,0.627938701818398
"S2_stable_cocs","pooled_lasso_state_interactions","min",6,2023,"all",65,13.3333873168151,10.4593566200263,0.690968623046842
"S2_stable_cocs","pooled_lasso_state_interactions","1se",6,2023,"all",65,12.6990630569683,8.95252757208691,0.719672988958578
"S2_stable_cocs","state_time_baseline","none",7,2024,"all",65,21.2084271841258,14.4690308148159,0.240095379733213
"S2_stable_cocs","pooled_lasso","min",7,2024,"all",65,12.4861520357511,8.3442748305328,0.736609930040792
"S2_stable_cocs","pooled_lasso","1se",7,2024,"all",65,13.7586268442742,8.64697532415355,0.680189775490355
"S2_stable_cocs","pooled_lasso_state_interactions","min",7,2024,"all",65,11.4251530641624,8.00733060812125,0.779470742979899
"S2_stable_cocs","pooled_lasso_state_interactions","1se",7,2024,"all",65,11.7847078047773,7.65182669110832,0.76537202197835
"S2_stable_cocs","state_time_baseline","none",8,2025,"all",65,20.8400476213963,15.115622719356,0.28733521213995
"S2_stable_cocs","pooled_lasso","min",8,2025,"all",65,12.1403469719471,9.17102375451891,0.758147776034104
"S2_stable_cocs","pooled_lasso","1se",8,2025,"all",65,12.646849339135,9.30659658558698,0.737546374213154
"S2_stable_cocs","pooled_lasso_state_interactions","min",8,2025,"all",65,11.5462709252034,9.39265482782393,0.781238257217894
"S2_stable_cocs","pooled_lasso_state_interactions","1se",8,2025,"all",65,11.4806543718413,8.86180709829007,0.78371760387796
"S3_no_structural_beds","state_time_baseline","none",1,2017,"all",68,22.5982355390499,14.8583492131783,0.0691862923583655
"S3_no_structural_beds","pooled_lasso","min",1,2017,"all",68,19.7443471629224,12.8390128497009,0.289442438216635
"S3_no_structural_beds","pooled_lasso","1se",1,2017,"all",68,20.8356853856282,13.5622885272723,0.208721636706159
"S3_no_structural_beds","pooled_lasso_state_interactions","min",1,2017,"all",68,17.3734265451749,11.5542548264432,0.449845495430676
"S3_no_structural_beds","pooled_lasso_state_interactions","1se",1,2017,"all",68,18.7868353763407,12.585458138853,0.356689014027647
"S3_no_structural_beds","state_time_baseline","none",2,2018,"all",69,24.162499934654,15.6709484965641,0.0560796524537296
"S3_no_structural_beds","pooled_lasso","min",2,2018,"all",69,18.919723477624,12.1229630687534,0.421263084079034
"S3_no_structural_beds","pooled_lasso","1se",2,2018,"all",69,21.0207911375222,13.1775853000009,0.285586371986017
"S3_no_structural_beds","pooled_lasso_state_interactions","min",2,2018,"all",69,18.3158419911159,12.3197806732593,0.457617844357328
"S3_no_structural_beds","pooled_lasso_state_interactions","1se",2,2018,"all",69,18.2986638776531,12.2219145853871,0.458634749071762
"S3_no_structural_beds","state_time_baseline","none",3,2019,"all",69,22.4779507523863,15.3783659935515,0.133092753605574
"S3_no_structural_beds","pooled_lasso","min",3,2019,"all",69,17.6780394030842,12.2771850115746,0.463799274084591
"S3_no_structural_beds","pooled_lasso","1se",3,2019,"all",69,19.2194510294554,12.0181554815778,0.366216162605743
"S3_no_structural_beds","pooled_lasso_state_interactions","min",3,2019,"all",69,16.7739695450151,11.865357704783,0.517240417763641
"S3_no_structural_beds","pooled_lasso_state_interactions","1se",3,2019,"all",69,17.1126232049384,11.9995689449537,0.497550546380387
"S3_no_structural_beds","state_time_baseline","none",4,2020,"all",70,21.1367781762659,14.3305337698207,0.193914532507191
"S3_no_structural_beds","pooled_lasso","min",4,2020,"all",70,17.1628368436713,11.8296546161702,0.468526444616392
"S3_no_structural_beds","pooled_lasso","1se",4,2020,"all",70,18.1604863921282,11.1330055399479,0.404943142593081
"S3_no_structural_beds","pooled_lasso_state_interactions","min",4,2020,"all",70,16.6340517796124,11.9300504241676,0.500771224190714
"S3_no_structural_beds","pooled_lasso_state_interactions","1se",4,2020,"all",70,16.5629447434965,11.197723618414,0.50503029521053
"S3_no_structural_beds","state_time_baseline","none",5,2022,"all",70,22.0222209545792,15.3461423767643,0.206692127141056
"S3_no_structural_beds","pooled_lasso","min",5,2022,"all",70,17.5825358230734,12.2045265114984,0.49431210852921
"S3_no_structural_beds","pooled_lasso","1se",5,2022,"all",70,18.3602466193566,11.8690948376142,0.448587567487961
"S3_no_structural_beds","pooled_lasso_state_interactions","min",5,2022,"all",70,19.9904579989398,16.0954484416527,0.346320264949031
"S3_no_structural_beds","pooled_lasso_state_interactions","1se",5,2022,"all",70,17.4718360283332,12.7744765219574,0.500659693712856
"S3_no_structural_beds","state_time_baseline","none",6,2023,"all",69,20.8667290782308,14.6125581051526,0.228838839213804
"S3_no_structural_beds","pooled_lasso","min",6,2023,"all",69,20.6577703224284,15.4123464253483,0.244206273783372
"S3_no_structural_beds","pooled_lasso","1se",6,2023,"all",69,18.8825159048782,12.4843549877468,0.368525072321599
"S3_no_structural_beds","pooled_lasso_state_interactions","min",6,2023,"all",69,20.1259995810069,15.4850933041792,0.282616618049858
"S3_no_structural_beds","pooled_lasso_state_interactions","1se",6,2023,"all",69,20.2808671725236,15.3282473477975,0.271533751259755
"S3_no_structural_beds","state_time_baseline","none",7,2024,"all",70,21.7789159004877,14.9321514383874,0.256371944445206
"S3_no_structural_beds","pooled_lasso","min",7,2024,"all",70,17.5844004751572,11.866162984941,0.515227045284142
"S3_no_structural_beds","pooled_lasso","1se",7,2024,"all",70,19.2234479769037,12.6356306329871,0.42064357963588
"S3_no_structural_beds","pooled_lasso_state_interactions","min",7,2024,"all",70,16.5497710434006,11.5617462238642,0.570594867992154
"S3_no_structural_beds","pooled_lasso_state_interactions","1se",7,2024,"all",70,17.150519110326,11.9434312146613,0.538854696216247
"S3_no_structural_beds","state_time_baseline","none",8,2025,"all",70,20.2158902361067,14.7430402325714,0.322289750759532
"S3_no_structural_beds","pooled_lasso","min",8,2025,"all",70,16.7350318192146,12.3228368542601,0.535579483852123
"S3_no_structural_beds","pooled_lasso","1se",8,2025,"all",70,17.7362388475773,12.1741744831317,0.478347408571354
"S3_no_structural_beds","pooled_lasso_state_interactions","min",8,2025,"all",70,16.3613101125567,12.6460895501174,0.556090474195321
"S3_no_structural_beds","pooled_lasso_state_interactions","1se",8,2025,"all",70,16.5799995907631,12.4501177134509,0.544144348983856
"S4_persistence","state_time_baseline","none",1,2017,"all",68,22.5982355390499,14.8583492131783,0.0691862923583655
"S4_persistence","pooled_lasso","min",1,2017,"all",68,15.156663662781,10.2817639212253,0.581282670690317
"S4_persistence","pooled_lasso","1se",1,2017,"all",68,17.2763693649305,10.8568866690574,0.455975235506436
"S4_persistence","pooled_lasso_state_interactions","min",1,2017,"all",68,14.178180528825,9.79490889718682,0.633600635142762
"S4_persistence","pooled_lasso_state_interactions","1se",1,2017,"all",68,15.6111241476508,10.3736547155756,0.555796410781539
"S4_persistence","prior_rate_only","none",1,2017,"all",68,10.408906165583,6.78450637122315,0.802519646768359
"S4_persistence","state_time_prior_rate","none",1,2017,"all",68,10.586733598641,6.82150629324828,0.795714435999107
"S4_persistence","pooled_lasso_plus_prior","min",1,2017,"all",68,10.5867341800708,6.8215070541806,0.795714413560135
"S4_persistence","pooled_lasso_plus_prior","1se",1,2017,"all",68,10.5867341800708,6.8215070541806,0.795714413560135
"S4_persistence","pooled_lasso_state_interactions_plus_prior","min",1,2017,"all",68,10.5867341800708,6.8215070541806,0.795714413560135
"S4_persistence","pooled_lasso_state_interactions_plus_prior","1se",1,2017,"all",68,10.5867341800708,6.8215070541806,0.795714413560135
"S4_persistence","state_time_baseline","none",2,2018,"all",69,24.162499934654,15.6709484965641,0.0560796524537296
"S4_persistence","pooled_lasso","min",2,2018,"all",69,15.9886544120104,10.4526361077836,0.586690443265286
"S4_persistence","pooled_lasso","1se",2,2018,"all",69,17.6916201315099,10.5716502527753,0.493957691982407
"S4_persistence","pooled_lasso_state_interactions","min",2,2018,"all",69,15.9593562822518,10.1379131798978,0.588203779168223
"S4_persistence","pooled_lasso_state_interactions","1se",2,2018,"all",69,16.1603141278102,10.3354166566483,0.577767933146476
"S4_persistence","prior_rate_only","none",2,2018,"all",69,10.105094013771,4.92886716122859,0.834905603497723
"S4_persistence","state_time_prior_rate","none",2,2018,"all",69,10.1624172428895,4.51609986010645,0.833027226824894
"S4_persistence","pooled_lasso_plus_prior","min",2,2018,"all",69,10.1624209736392,4.5161020735257,0.833027104229308
"S4_persistence","pooled_lasso_plus_prior","1se",2,2018,"all",69,10.1624209736392,4.5161020735257,0.833027104229308
"S4_persistence","pooled_lasso_state_interactions_plus_prior","min",2,2018,"all",69,10.1624209736392,4.5161020735257,0.833027104229308
"S4_persistence","pooled_lasso_state_interactions_plus_prior","1se",2,2018,"all",69,10.1624209736392,4.5161020735257,0.833027104229308
"S4_persistence","state_time_baseline","none",3,2019,"all",69,22.4779507523863,15.3783659935515,0.133092753605574
"S4_persistence","pooled_lasso","min",3,2019,"all",69,18.1099892870642,11.8367764980655,0.437275804093771
"S4_persistence","pooled_lasso","1se",3,2019,"all",69,18.2607047515156,11.5402333000772,0.427870591706645
"S4_persistence","pooled_lasso_state_interactions","min",3,2019,"all",69,17.7132795543569,11.623481588132,0.46165937292241
"S4_persistence","pooled_lasso_state_interactions","1se",3,2019,"all",69,18.0373125892943,11.5933599655357,0.441783247415134
"S4_persistence","prior_rate_only","none",3,2019,"all",69,14.2991040970784,7.58704217461753,0.649186047186862
"S4_persistence","state_time_prior_rate","none",3,2019,"all",69,13.6517470554768,6.99728305766499,0.68023150841113
"S4_persistence","pooled_lasso_plus_prior","min",3,2019,"all",69,13.651746884306,6.99728271691276,0.680231516429892
"S4_persistence","pooled_lasso_plus_prior","1se",3,2019,"all",69,13.651746884306,6.99728271691276,0.680231516429892
"S4_persistence","pooled_lasso_state_interactions_plus_prior","min",3,2019,"all",69,13.651746884306,6.99728271691276,0.680231516429892
"S4_persistence","pooled_lasso_state_interactions_plus_prior","1se",3,2019,"all",69,13.651746884306,6.99728271691276,0.680231516429892
"S4_persistence","state_time_baseline","none",4,2020,"all",70,21.1367781762659,14.3305337698207,0.193914532507191
"S4_persistence","pooled_lasso","min",4,2020,"all",70,16.542367036669,10.5161250686722,0.506259426204639
"S4_persistence","pooled_lasso","1se",4,2020,"all",70,16.5239665656432,10.0107416139738,0.507357214246439
"S4_persistence","pooled_lasso_state_interactions","min",4,2020,"all",70,15.6710862927174,10.2206920299043,0.556900034342395
"S4_persistence","pooled_lasso_state_interactions","1se",4,2020,"all",70,16.2367083194951,10.1277902517252,0.524336869045423
"S4_persistence","prior_rate_only","none",4,2020,"all",70,4.89773392488994,3.43549574204263,0.956719338687683
"S4_persistence","state_time_prior_rate","none",4,2020,"all",70,4.18524607058419,2.99688351716725,0.968395748664251
"S4_persistence","pooled_lasso_plus_prior","min",4,2020,"all",70,4.18524593279591,2.99688284012491,0.968395750745226
"S4_persistence","pooled_lasso_plus_prior","1se",4,2020,"all",70,4.18524593279591,2.99688284012491,0.968395750745226
"S4_persistence","pooled_lasso_state_interactions_plus_prior","min",4,2020,"all",70,4.18524593279591,2.99688284012491,0.968395750745226
"S4_persistence","pooled_lasso_state_interactions_plus_prior","1se",4,2020,"all",70,4.18524593279591,2.99688284012491,0.968395750745226
"S4_persistence","state_time_baseline","none",6,2023,"all",69,21.8789340824013,14.7331582709187,0.152209173202507
"S4_persistence","pooled_lasso","min",6,2023,"all",69,16.5610314807205,11.6729750315593,0.514251845888075
"S4_persistence","pooled_lasso","1se",6,2023,"all",69,15.1927862345073,9.09692939512674,0.591199660283332
"S4_persistence","pooled_lasso_state_interactions","min",6,2023,"all",69,15.1019763069716,11.7513969016025,0.59607199679261
"S4_persistence","pooled_lasso_state_interactions","1se",6,2023,"all",69,16.1659026283623,11.4553994685956,0.537154217575385
"S4_persistence","prior_rate_only","none",6,2023,"all",69,6.94167491301883,4.48149414557298,0.914657583471592
"S4_persistence","state_time_prior_rate","none",6,2023,"all",69,6.60646467606159,4.43460742562034,0.922700866095172
"S4_persistence","pooled_lasso_plus_prior","min",6,2023,"all",69,6.60646648987214,4.4346092339339,0.922700823650078
"S4_persistence","pooled_lasso_plus_prior","1se",6,2023,"all",69,6.60646648987214,4.4346092339339,0.922700823650078
"S4_persistence","pooled_lasso_state_interactions_plus_prior","min",6,2023,"all",69,6.60646648987214,4.4346092339339,0.922700823650078
"S4_persistence","pooled_lasso_state_interactions_plus_prior","1se",6,2023,"all",69,6.60646648987214,4.4346092339339,0.922700823650078
"S4_persistence","state_time_baseline","none",7,2024,"all",70,22.2136430053803,15.1531110539069,0.226388660756745
"S4_persistence","pooled_lasso","min",7,2024,"all",70,14.0209292076023,9.3314929443086,0.691797012762505
"S4_persistence","pooled_lasso","1se",7,2024,"all",70,14.7108359159187,9.00433363823165,0.660720239008515
"S4_persistence","pooled_lasso_state_interactions","min",7,2024,"all",70,13.5767050891894,10.1336729510544,0.711017183453923
"S4_persistence","pooled_lasso_state_interactions","1se",7,2024,"all",70,13.5512676336235,9.19126605284566,0.712099051412851
"S4_persistence","prior_rate_only","none",7,2024,"all",70,8.09000957287365,5.40722958258419,0.897391976575059
"S4_persistence","state_time_prior_rate","none",7,2024,"all",70,7.41590998922857,4.91503783118025,0.913779179674915
"S4_persistence","pooled_lasso_plus_prior","min",7,2024,"all",70,7.41590842338315,4.9150316297606,0.913779216085406
"S4_persistence","pooled_lasso_plus_prior","1se",7,2024,"all",70,7.41590842338315,4.9150316297606,0.913779216085406
"S4_persistence","pooled_lasso_state_interactions_plus_prior","min",7,2024,"all",70,7.41590842338315,4.9150316297606,0.913779216085406
"S4_persistence","pooled_lasso_state_interactions_plus_prior","1se",7,2024,"all",70,7.41590842338315,4.9150316297606,0.913779216085406
"S4_persistence","state_time_baseline","none",8,2025,"all",70,20.4198330103903,15.0021714379352,0.308546969670898
"S4_persistence","pooled_lasso","min",8,2025,"all",70,12.6329142497756,9.2929903015332,0.735353954816384
"S4_persistence","pooled_lasso","1se",8,2025,"all",70,12.6059122316642,9.03905818831781,0.736484072560754
"S4_persistence","pooled_lasso_state_interactions","min",8,2025,"all",70,13.2433458365633,10.1690342696701,0.709160256716759
"S4_persistence","pooled_lasso_state_interactions","1se",8,2025,"all",70,12.5231571124776,9.35373170351414,0.739932567438104
"S4_persistence","prior_rate_only","none",8,2025,"all",70,5.64023804340673,4.28735768079363,0.94724626917707
"S4_persistence","state_time_prior_rate","none",8,2025,"all",70,6.10596378098437,4.4992210412848,0.938174624948222
"S4_persistence","pooled_lasso_plus_prior","min",8,2025,"all",70,6.1059587389187,4.49921220604124,0.938174727054125
"S4_persistence","pooled_lasso_plus_prior","1se",8,2025,"all",70,6.1059587389187,4.49921220604124,0.938174727054125
"S4_persistence","pooled_lasso_state_interactions_plus_prior","min",8,2025,"all",70,6.1059587389187,4.49921220604124,0.938174727054125
"S4_persistence","pooled_lasso_state_interactions_plus_prior","1se",8,2025,"all",70,6.1059587389187,4.49921220604124,0.938174727054125
"S4b_persistence_full_enum","state_time_baseline","none",1,2017,"all",42,23.6061063980868,14.3441061046475,0.0632941713358534
"S4b_persistence_full_enum","pooled_lasso","min",1,2017,"all",42,14.9540791200522,9.19133406859681,0.624098680360435
"S4b_persistence_full_enum","pooled_lasso","1se",1,2017,"all",42,18.2909252997604,10.5207809827078,0.437625196667748
"S4b_persistence_full_enum","pooled_lasso_state_interactions","min",1,2017,"all",42,13.4692277853602,8.95195052283679,0.695042093729642
"S4b_persistence_full_enum","pooled_lasso_state_interactions","1se",1,2017,"all",42,14.7547322411482,8.96890373381368,0.634053862695287
"S4b_persistence_full_enum","prior_rate_only","none",1,2017,"all",42,9.63041027486504,5.58251711827661,0.844100730287464
"S4b_persistence_full_enum","state_time_prior_rate","none",1,2017,"all",42,9.34114299762876,5.50461457003709,0.85332552477389
"S4b_persistence_full_enum","pooled_lasso_plus_prior","min",1,2017,"all",42,9.34114271881041,5.5046145930192,0.853325533529893
"S4b_persistence_full_enum","pooled_lasso_plus_prior","1se",1,2017,"all",42,9.34114271881041,5.5046145930192,0.853325533529893
"S4b_persistence_full_enum","pooled_lasso_state_interactions_plus_prior","min",1,2017,"all",42,9.34114271881041,5.5046145930192,0.853325533529893
"S4b_persistence_full_enum","pooled_lasso_state_interactions_plus_prior","1se",1,2017,"all",42,9.34114271881041,5.5046145930192,0.853325533529893
"S4b_persistence_full_enum","state_time_baseline","none",2,2018,"all",69,24.8307247122205,15.3115054662894,0.00314863815647992
"S4b_persistence_full_enum","pooled_lasso","min",2,2018,"all",69,16.4400323664615,10.3910688837445,0.563024636050811
"S4b_persistence_full_enum","pooled_lasso","1se",2,2018,"all",69,18.3103673982031,10.4493852301846,0.457942031227102
"S4b_persistence_full_enum","pooled_lasso_state_interactions","min",2,2018,"all",69,16.2144053927912,10.5371793841816,0.574936640448559
"S4b_persistence_full_enum","pooled_lasso_state_interactions","1se",2,2018,"all",69,16.3953089505574,10.3756830231569,0.565398895189072
"S4b_persistence_full_enum","prior_rate_only","none",2,2018,"all",69,9.89293974213832,4.62740421844835,0.841765075596671
"S4b_persistence_full_enum","state_time_prior_rate","none",2,2018,"all",69,9.81961589347889,4.32097065945786,0.844101973832543
"S4b_persistence_full_enum","pooled_lasso_plus_prior","min",2,2018,"all",69,9.81961384137949,4.32096996377805,0.844102038991551
"S4b_persistence_full_enum","pooled_lasso_plus_prior","1se",2,2018,"all",69,9.81961384137949,4.32096996377805,0.844102038991551
"S4b_persistence_full_enum","pooled_lasso_state_interactions_plus_prior","min",2,2018,"all",69,9.81961384137949,4.32096996377805,0.844102038991551
"S4b_persistence_full_enum","pooled_lasso_state_interactions_plus_prior","1se",2,2018,"all",69,9.81961384137949,4.32096996377805,0.844102038991551
"S4b_persistence_full_enum","state_time_baseline","none",3,2019,"all",45,18.7399457273682,13.4246357695851,0.185876080974126
"S4b_persistence_full_enum","pooled_lasso","min",3,2019,"all",45,16.2261595625444,10.45251652155,0.389641015644803
"S4b_persistence_full_enum","pooled_lasso","1se",3,2019,"all",45,16.090080351099,10.1332445325012,0.39983552818767
"S4b_persistence_full_enum","pooled_lasso_state_interactions","min",3,2019,"all",45,16.8401052882336,10.0233984720809,0.342579167617678
"S4b_persistence_full_enum","pooled_lasso_state_interactions","1se",3,2019,"all",45,16.1694355496786,10.1601016276935,0.393900987857034
"S4b_persistence_full_enum","prior_rate_only","none",3,2019,"all",45,9.9141697817937,4.85200272781381,0.772140803843229
"S4b_persistence_full_enum","state_time_prior_rate","none",3,2019,"all",45,9.70425668663921,4.53916096545955,0.781687598037465
"S4b_persistence_full_enum","pooled_lasso_plus_prior","min",3,2019,"all",45,9.70425594997568,4.53916004688373,0.781687631182255
"S4b_persistence_full_enum","pooled_lasso_plus_prior","1se",3,2019,"all",45,9.70425594997568,4.53916004688373,0.781687631182255
"S4b_persistence_full_enum","pooled_lasso_state_interactions_plus_prior","min",3,2019,"all",45,9.70425594997568,4.53916004688373,0.781687631182255
"S4b_persistence_full_enum","pooled_lasso_state_interactions_plus_prior","1se",3,2019,"all",45,9.70425594997568,4.53916004688373,0.781687631182255
"S4b_persistence_full_enum","state_time_baseline","none",4,2020,"all",70,22.0526570249816,14.5030928367256,0.122543978734334
"S4b_persistence_full_enum","pooled_lasso","min",4,2020,"all",70,17.0160711092325,10.4054855011831,0.47757723208668
"S4b_persistence_full_enum","pooled_lasso","1se",4,2020,"all",70,17.3232821297105,10.3168702054972,0.45854312911624
"S4b_persistence_full_enum","pooled_lasso_state_interactions","min",4,2020,"all",70,16.1435383103219,10.368559487887,0.529780138116122
"S4b_persistence_full_enum","pooled_lasso_state_interactions","1se",4,2020,"all",70,16.7568759655067,10.0737096468314,0.493371493871718
"S4b_persistence_full_enum","prior_rate_only","none",4,2020,"all",70,4.67296989719942,3.22784129553088,0.960600611720466
"S4b_persistence_full_enum","state_time_prior_rate","none",4,2020,"all",70,4.08147215521223,2.76865483845769,0.969943584331235
"S4b_persistence_full_enum","pooled_lasso_plus_prior","min",4,2020,"all",70,4.08147596898869,2.76865648566785,0.969943528161059
"S4b_persistence_full_enum","pooled_lasso_plus_prior","1se",4,2020,"all",70,4.08147596898869,2.76865648566785,0.969943528161059
"S4b_persistence_full_enum","pooled_lasso_state_interactions_plus_prior","min",4,2020,"all",70,4.08147596898869,2.76865648566785,0.969943528161059
"S4b_persistence_full_enum","pooled_lasso_state_interactions_plus_prior","1se",4,2020,"all",70,4.08147596898869,2.76865648566785,0.969943528161059
"S4b_persistence_full_enum","state_time_baseline","none",6,2023,"all",65,22.7289577175445,14.8708077941598,0.0944450796599932
"S4b_persistence_full_enum","pooled_lasso","min",6,2023,"all",65,16.2102097243512,10.8807526790449,0.539390362525048
"S4b_persistence_full_enum","pooled_lasso","1se",6,2023,"all",65,15.729205615892,9.4833594427812,0.566320061640456
"S4b_persistence_full_enum","pooled_lasso_state_interactions","min",6,2023,"all",65,17.3940453694713,14.4017519495378,0.469656866547813
"S4b_persistence_full_enum","pooled_lasso_state_interactions","1se",6,2023,"all",65,17.071454366949,12.4609658673078,0.489146002419489
"S4b_persistence_full_enum","prior_rate_only","none",6,2023,"all",65,7.01659905789535,4.58886109936049,0.913700341964125
"S4b_persistence_full_enum","state_time_prior_rate","none",6,2023,"all",65,6.74004595032368,4.44155723980769,0.920369128659753
"S4b_persistence_full_enum","pooled_lasso_plus_prior","min",6,2023,"all",65,6.74004920852145,4.44156159582228,0.920369051671201
"S4b_persistence_full_enum","pooled_lasso_plus_prior","1se",6,2023,"all",65,6.74004920852145,4.44156159582228,0.920369051671201
"S4b_persistence_full_enum","pooled_lasso_state_interactions_plus_prior","min",6,2023,"all",65,6.74004920852145,4.44156159582228,0.920369051671201
"S4b_persistence_full_enum","pooled_lasso_state_interactions_plus_prior","1se",6,2023,"all",65,6.74004920852145,4.44156159582228,0.920369051671201
"S4b_persistence_full_enum","state_time_baseline","none",7,2024,"all",55,18.1697006063346,12.9967459197598,0.321556327478406
"S4b_persistence_full_enum","pooled_lasso","min",7,2024,"all",55,12.1866922631803,8.16415600698324,0.694796195501002
"S4b_persistence_full_enum","pooled_lasso","1se",7,2024,"all",55,12.0294219814027,7.41562581806079,0.702622727688697
"S4b_persistence_full_enum","pooled_lasso_state_interactions","min",7,2024,"all",55,13.2654351790787,9.66337852625056,0.638372659450705
"S4b_persistence_full_enum","pooled_lasso_state_interactions","1se",7,2024,"all",55,12.1017254959209,7.99809206225663,0.699037178905122
"S4b_persistence_full_enum","prior_rate_only","none",7,2024,"all",55,5.48995673401073,3.59170770404064,0.93806215404716
"S4b_persistence_full_enum","state_time_prior_rate","none",7,2024,"all",55,5.06952014488087,3.33190416463141,0.947185647435784
"S4b_persistence_full_enum","pooled_lasso_plus_prior","min",7,2024,"all",55,5.06951446343509,3.33189379021241,0.947185765814527
"S4b_persistence_full_enum","pooled_lasso_plus_prior","1se",7,2024,"all",55,5.06951446343509,3.33189379021241,0.947185765814527
"S4b_persistence_full_enum","pooled_lasso_state_interactions_plus_prior","min",7,2024,"all",55,5.06951446343509,3.33189379021241,0.947185765814527
"S4b_persistence_full_enum","pooled_lasso_state_interactions_plus_prior","1se",7,2024,"all",55,5.06951446343509,3.33189379021241,0.947185765814527
"S4b_persistence_full_enum","state_time_baseline","none",8,2025,"all",62,20.6321162000441,14.4689028977748,0.295498471478877
"S4b_persistence_full_enum","pooled_lasso","min",8,2025,"all",62,13.116475473695,9.45732399010273,0.715272973563762
"S4b_persistence_full_enum","pooled_lasso","1se",8,2025,"all",62,13.0882971908236,8.99479860522727,0.716495024506745
"S4b_persistence_full_enum","pooled_lasso_state_interactions","min",8,2025,"all",62,13.5130379260189,10.177668687691,0.69779587997862
"S4b_persistence_full_enum","pooled_lasso_state_interactions","1se",8,2025,"all",62,12.9452117161972,9.15726004499835,0.72265987638146
"S4b_persistence_full_enum","prior_rate_only","none",8,2025,"all",62,5.65041445242124,3.98185445347897,0.947160950376587
"S4b_persistence_full_enum","state_time_prior_rate","none",8,2025,"all",62,6.07123500139682,4.30696828735997,0.938997381572588
"S4b_persistence_full_enum","pooled_lasso_plus_prior","min",8,2025,"all",62,6.07122753103614,4.30695310933182,0.938997531694031
"S4b_persistence_full_enum","pooled_lasso_plus_prior","1se",8,2025,"all",62,6.07122753103614,4.30695310933182,0.938997531694031
"S4b_persistence_full_enum","pooled_lasso_state_interactions_plus_prior","min",8,2025,"all",62,6.07122753103614,4.30695310933182,0.938997531694031
"S4b_persistence_full_enum","pooled_lasso_state_interactions_plus_prior","1se",8,2025,"all",62,6.07122753103614,4.30695310933182,0.938997531694031
"S5_no_hpi_fl518","state_time_baseline","none",1,2017,"all",69,22.5301653973203,15.1292540588871,0.061309895722839
"S5_no_hpi_fl518","pooled_lasso","min",1,2017,"all",69,15.5237883102127,10.6521411824484,0.554355138417655
"S5_no_hpi_fl518","pooled_lasso","1se",1,2017,"all",69,16.8343026378077,10.9407628379179,0.475936708202387
"S5_no_hpi_fl518","pooled_lasso_state_interactions","min",1,2017,"all",69,15.2427775838879,11.4489693974118,0.570343184851735
"S5_no_hpi_fl518","pooled_lasso_state_interactions","1se",1,2017,"all",69,15.2840487548641,10.4211532565449,0.568013367224012
"S5_no_hpi_fl518","state_time_baseline","none",2,2018,"all",70,24.0813304843918,15.8994288343616,0.0488288164012983
"S5_no_hpi_fl518","pooled_lasso","min",2,2018,"all",70,16.3435316443119,10.7042913017854,0.561883564766253
"S5_no_hpi_fl518","pooled_lasso","1se",2,2018,"all",70,17.5184457912226,10.7128734698153,0.496628206571259
"S5_no_hpi_fl518","pooled_lasso_state_interactions","min",2,2018,"all",70,17.0527111511195,11.5982709708381,0.523037098742189
"S5_no_hpi_fl518","pooled_lasso_state_interactions","1se",2,2018,"all",70,16.311911151867,10.6439669466695,0.563577208014109
"S5_no_hpi_fl518","state_time_baseline","none",3,2019,"all",70,22.564779096823,15.650742380923,0.113799643932932
"S5_no_hpi_fl518","pooled_lasso","min",3,2019,"all",70,17.9187179806178,11.6959314209578,0.441164976983272
"S5_no_hpi_fl518","pooled_lasso","1se",3,2019,"all",70,18.1339328708992,11.7861715024676,0.427660453438592
"S5_no_hpi_fl518","pooled_lasso_state_interactions","min",3,2019,"all",70,17.1014925671526,11.47794026101,0.490976562313197
"S5_no_hpi_fl518","pooled_lasso_state_interactions","1se",3,2019,"all",70,17.995563239807,11.7410710000464,0.436361518886758
"S5_no_hpi_fl518","state_time_baseline","none",4,2020,"all",71,21.2881754140434,14.6807838041026,0.171167516967616
"S5_no_hpi_fl518","pooled_lasso","min",4,2020,"all",71,16.4155005438961,10.492951290079,0.507168858426204
"S5_no_hpi_fl518","pooled_lasso","1se",4,2020,"all",71,16.6415530187892,10.3394504104196,0.493502170086984
"S5_no_hpi_fl518","pooled_lasso_state_interactions","min",4,2020,"all",71,15.8393540589436,10.5670011000085,0.541156254153592
"S5_no_hpi_fl518","pooled_lasso_state_interactions","1se",4,2020,"all",71,16.3995800917496,10.4904283175143,0.50812433216839
"S5_no_hpi_fl518","state_time_baseline","none",5,2022,"all",71,22.1414411149734,15.568332056253,0.186751803291602
"S5_no_hpi_fl518","pooled_lasso","min",5,2022,"all",71,13.9791090011616,8.90702860202985,0.675831864629293
"S5_no_hpi_fl518","pooled_lasso","1se",5,2022,"all",71,14.9350880186941,9.17069839475414,0.629978539310229
"S5_no_hpi_fl518","pooled_lasso_state_interactions","min",5,2022,"all",71,12.7143655790635,8.97779322872958,0.731835842780951
"S5_no_hpi_fl518","pooled_lasso_state_interactions","1se",5,2022,"all",71,13.7943124828206,8.83734680217726,0.684345881570159
"S5_no_hpi_fl518","state_time_baseline","none",6,2023,"all",70,20.929650450691,14.7457686982069,0.213220493475217
"S5_no_hpi_fl518","pooled_lasso","min",6,2023,"all",70,15.5441492421736,10.9543711304673,0.566026707027367
"S5_no_hpi_fl518","pooled_lasso","1se",6,2023,"all",70,14.3592972420157,8.66854724650135,0.62966440192617
"S5_no_hpi_fl518","pooled_lasso_state_interactions","min",6,2023,"all",70,13.9400379711089,10.5947406923585,0.650974625059818
"S5_no_hpi_fl518","pooled_lasso_state_interactions","1se",6,2023,"all",70,14.8833429555053,10.5061724323182,0.602140193205632
"S5_no_hpi_fl518","state_time_baseline","none",7,2024,"all",70,21.9733698196099,15.1563589328114,0.243033637793668
"S5_no_hpi_fl518","pooled_lasso","min",7,2024,"all",70,13.7583992902868,9.57765339539832,0.703230633860883
"S5_no_hpi_fl518","pooled_lasso","1se",7,2024,"all",70,14.3686864008028,8.80585111962986,0.676318868686199
"S5_no_hpi_fl518","pooled_lasso_state_interactions","min",7,2024,"all",70,13.1699232039436,9.69674818173112,0.728074625234473
"S5_no_hpi_fl518","pooled_lasso_state_interactions","1se",7,2024,"all",70,13.1980127482894,8.81149235470468,0.726913433113995
"S5_no_hpi_fl518","state_time_baseline","none",8,2025,"all",70,20.3918412789175,14.9862387902981,0.310441373169703
"S5_no_hpi_fl518","pooled_lasso","min",8,2025,"all",70,12.7214427759546,9.53482134784772,0.73163180244503
"S5_no_hpi_fl518","pooled_lasso","1se",8,2025,"all",70,12.374340432626,8.82138502362904,0.746076771359938
"S5_no_hpi_fl518","pooled_lasso_state_interactions","min",8,2025,"all",70,12.8190008290316,9.97976785273558,0.727499901773843
"S5_no_hpi_fl518","pooled_lasso_state_interactions","1se",8,2025,"all",70,12.1654863857878,9.01865187559389,0.754575866682972
