"internal_id","generated_internal_id","award_id","recipient_name","recipient_state","action_date","modification_number","federal_action_obligation"
266827112,"ASST_NON_FL0652L4H191600_086","FL0652L4H191600","COALITION FOR THE HOMELESS OF PASCO COUNTY, INC","FL","2018-01-05","2018-01-0510500024355",75000
266827140,"ASST_NON_FL0658L4D001600_086","FL0658L4D001600","MIAMI-DADE COUNTY","FL","2018-01-09","2018-01-0910900009736",870831
266827131,"ASST_NON_FL0657L4D001600_086","FL0657L4D001600","MIAMI-DADE COUNTY","FL","2018-01-09","2018-01-0910900009731",391411
266827124,"ASST_NON_FL0656L4D001600_086","FL0656L4D001600","MIAMI-DADE COUNTY","FL","2018-01-09","2018-01-0910900009727",581524
266827116,"ASST_NON_FL0655L4D001600_086","FL0655L4D001600","MIAMI-DADE COUNTY","FL","2018-01-09","2018-01-0910900009728",583395
266827115,"ASST_NON_FL0654L4H201600_086","FL0654L4H201600","CATHOLIC CHARITIES DIOCESE OF SAINT PETERSBURG INC","FL","2018-01-16","2018-01-1611600017503",49940
266826449,"ASST_NON_FL0638L4H121600_086","FL0638L4H121600","HOME AGAIN ST. JOHNS, INC.","FL","2018-01-30","2018-01-3013000017906",10019
266801553,"ASST_NON_FL0050L4H031708_086","FL0050L4H031708","TRI-COUNTY HUMAN SERVICES, INC.","FL","2018-02-15","2018-02-1521500024540",106079
266808314,"ASST_NON_FL0155L4H031710_086","FL0155L4H031710","TRI-COUNTY HUMAN SERVICES, INC.","FL","2018-02-15","2018-02-1521500024124",83146
266822102,"ASST_NON_FL0477L4D011704_086","FL0477L4D011704","BROWARD, COUNTY OF","FL","2018-02-15","2018-02-1521500021229",339376
266801623,"ASST_NON_FL0057L4H031710_086","FL0057L4H031710","TRI-COUNTY HUMAN SERVICES, INC.","FL","2018-02-15","2018-02-1521500024473",83362
266813705,"ASST_NON_FL0245L4D011708_086","FL0245L4D011708","BROWARD, COUNTY OF","FL","2018-02-15","2018-02-1521500021361",269119
266814317,"ASST_NON_FL0259L4D011710_086","FL0259L4D011710","BROWARD COUNTY HOUSING AUTHORITY","FL","2018-02-15","2018-02-1521500021388",1061923
266823383,"ASST_NON_FL0506L4D061704_086","FL0506L4D061704","YOUTH HAVEN INC","FL","2018-02-15","2018-02-1521500021247",99680
266818514,"ASST_NON_FL0347L4D051706_086","FL0347L4D051706","GULFSTREAM GOODWILL INDUSTRIES INC","FL","2018-02-15","2018-02-1521500021420",854401
266825613,"ASST_NON_FL0628L4H081701_086","FL0628L4H081701","MERIDIAN BEHAVIORAL HEALTHCARE, INC.","FL","2018-02-15","2018-02-1521500024080",150451
266823934,"ASST_NON_FL0541L4D051703_086","FL0541L4D051703","GULFSTREAM GOODWILL INDUSTRIES INC","FL","2018-02-15","2018-02-1521500021422",257413
266823349,"ASST_NON_FL0503L4D051704_086","FL0503L4D051704","GULFSTREAM GOODWILL INDUSTRIES INC","FL","2018-02-15","2018-02-1521500021245",473368
266827389,"ASST_NON_FL0668L4D011701_086","FL0668L4D011701","BROWARD, COUNTY OF","FL","2018-02-15","2018-02-1521500021587",380519
266815542,"ASST_NON_FL0289L4D051710_086","FL0289L4D051710","GULFSTREAM GOODWILL INDUSTRIES INC","FL","2018-02-15","2018-02-1521500021280",1142628
266813761,"ASST_NON_FL0249L4D011710_086","FL0249L4D011710","BROWARD, COUNTY OF","FL","2018-02-15","2018-02-1521500021371",226952
266822958,"ASST_NON_FL0498L4D011704_086","FL0498L4D011704","BROWARD, COUNTY OF","FL","2018-02-15","2018-02-1521500021435",289797
266827113,"ASST_NON_FL0652L4H191701_086","FL0652L4H191701","COALITION FOR THE HOMELESS OF PASCO COUNTY, INC","FL","2018-02-15","2018-02-1521500024112",75000
266818963,"ASST_NON_FL0355L4H061708_086","FL0355L4H061708","APALACHEE REGIONAL PLANNING COUNCIL","FL","2018-02-15","2018-02-1521500024048",130292
266815403,"ASST_NON_FL0275L4D051709_086","FL0275L4D051709","ADOPT-A-FAMILY OF THE PALM BEACHES, INC.","FL","2018-02-15","2018-02-1521500021316",237318
266827310,"ASST_NON_FL0664L4D051701_086","FL0664L4D051701","ADOPT-A-FAMILY OF THE PALM BEACHES, INC.","FL","2018-02-15","2018-02-1521500021542",265213
266815525,"ASST_NON_FL0288L4D051710_086","FL0288L4D051710","ADOPT-A-FAMILY OF THE PALM BEACHES, INC.","FL","2018-02-15","2018-02-1521500021277",230395
266812510,"ASST_NON_FL0223L4D001710_086","FL0223L4D001710","CARRFOUR SUPPORTIVE HOUSING INC","FL","2018-02-15","2018-02-1521500021581",455227
266825574,"ASST_NON_FL0627L4H081701_086","FL0627L4H081701","FAMILY PROMISE OF GAINESVILLE, FLORIDA, INC.","FL","2018-02-15","2018-02-1521500024077",50523
266808865,"ASST_NON_FL0162L4H191710_086","FL0162L4H191710","COALITION FOR THE HOMELESS OF PASCO COUNTY, INC","FL","2018-02-15","2018-02-1521500024257",31554
266817888,"ASST_NON_FL0336L4H081707_086","FL0336L4H081707","UNITED WAY OF NORTH CENTRAL FLORIDA, INC.","FL","2018-02-15","2018-02-1521500024037",87361
266796487,"ASST_NON_FL0002L4H001710_086","FL0002L4H001710","CATHOLIC CHARITIES, DIOCESE OF VENICE, INC. ,","FL","2018-02-15","2018-02-1521500024575",83275
266826357,"ASST_NON_FL0630L4H081701_086","FL0630L4H081701","UNITED WAY OF NORTH CENTRAL FLORIDA, INC.","FL","2018-02-15","2018-02-1521500024083",32012
266813258,"ASST_NON_FL0239L4D001710_086","FL0239L4D001710","MIAMI-DADE COUNTY","FL","2018-02-15","2018-02-1521500021352",265408
266818496,"ASST_NON_FL0344L4D001706_086","FL0344L4D001706","MIAMI-DADE COUNTY","FL","2018-02-15","2018-02-1521500021414",496661
266813693,"ASST_NON_FL0244L4D001710_086","FL0244L4D001710","MIAMI-DADE COUNTY","FL","2018-02-15","2018-02-1521500021359",132993
266806515,"ASST_NON_FL0117L4H091710_086","FL0117L4H091710","MARTIN COUNTY","FL","2018-02-15","2018-02-1521500024456",109692
266820030,"ASST_NON_FL0390L4D001705_086","FL0390L4D001705","MIAMI-DADE COUNTY","FL","2018-02-15","2018-02-1521500021203",199196
266806611,"ASST_NON_FL0118L4H091710_086","FL0118L4H091710","MARTIN COUNTY","FL","2018-02-15","2018-02-1521500024453",117000
266826390,"ASST_NON_FL0637L4H121701_086","FL0637L4H121701","SAINT JOHNS COUNTY","FL","2018-02-15","2018-02-1521500024089",17956
266814269,"ASST_NON_FL0256L4D011710_086","FL0256L4D011710","COVENANT HOUSE FLORIDA, INC.","FL","2018-02-15","2018-02-1521500021381",179418
266809929,"ASST_NON_FL0181L4D001710_086","FL0181L4D001710","MIAMI-DADE COUNTY","FL","2018-02-15","2018-02-1521500021506",401388
266809979,"ASST_NON_FL0185L4D001710_086","FL0185L4D001710","MIAMI-DADE COUNTY","FL","2018-02-15","2018-02-1521500021619",316470
266820947,"ASST_NON_FL0455L4H101705_086","FL0455L4H101705","ABILITY HOUSING INC","FL","2018-02-15","2018-02-1521500024276",217643
266810534,"ASST_NON_FL0191L4D001710_086","FL0191L4D001710","MIAMI-DADE COUNTY","FL","2018-02-15","2018-02-1521500021623",990216
266808081,"ASST_NON_FL0146L4H131710_086","FL0146L4H131710","211 BREVARD, INC.","FL","2018-02-15","2018-02-1521500024506",71455
266809251,"ASST_NON_FL0178L4D001710_086","FL0178L4D001710","MIAMI-DADE COUNTY","FL","2018-02-15","2018-02-1521500021606",132574
266827125,"ASST_NON_FL0656L4D001701_086","FL0656L4D001701","MIAMI-DADE COUNTY","FL","2018-02-15","2018-02-1521500021589",604564
266810576,"ASST_NON_FL0194L4D001710_086","FL0194L4D001710","MIAMI-DADE COUNTY","FL","2018-02-15","2018-02-1521500021624",183837
266819938,"ASST_NON_FL0381L4H101706_086","FL0381L4H101706","ABILITY HOUSING INC","FL","2018-02-15","2018-02-1521500024337",143372
266819989,"ASST_NON_FL0389L4D001705_086","FL0389L4D001705","MIAMI-DADE COUNTY","FL","2018-02-15","2018-02-1521500021199",125078
266811234,"ASST_NON_FL0206L4D001710_086","FL0206L4D001710","MIAMI-DADE COUNTY","FL","2018-02-15","2018-02-1521500021454",370580
266824783,"ASST_NON_FL0589L4D001702_086","FL0589L4D001702","MIAMI-DADE COUNTY","FL","2018-02-15","2018-02-1521500021526",434360
266812493,"ASST_NON_FL0222L4D001710_086","FL0222L4D001710","MIAMI-DADE COUNTY","FL","2018-02-15","2018-02-1521500021562",139584
266827132,"ASST_NON_FL0657L4D001701_086","FL0657L4D001701","MIAMI-DADE COUNTY","FL","2018-02-15","2018-02-1521500021539",405703
266827117,"ASST_NON_FL0655L4D001701_086","FL0655L4D001701","MIAMI-DADE COUNTY","FL","2018-02-15","2018-02-1521500021591",597975
266812634,"ASST_NON_FL0228L4D001710_086","FL0228L4D001710","MIAMI-DADE COUNTY","FL","2018-02-15","2018-02-1521500021548",87747
266811163,"ASST_NON_FL0200L4D001710_086","FL0200L4D001710","MIAMI-DADE COUNTY","FL","2018-02-15","2018-02-1521500021473",428245
266809268,"ASST_NON_FL0179L4D001710_086","FL0179L4D001710","MIAMI-DADE COUNTY","FL","2018-02-15","2018-02-1521500021508",45945
266824769,"ASST_NON_FL0585L4D001702_086","FL0585L4D001702","MIAMI-DADE COUNTY","FL","2018-02-15","2018-02-1521500021518",767996
266798713,"ASST_NON_FL0038L4H021710_086","FL0038L4H021710","BOLEY CENTERS INC","FL","2018-02-15","2018-02-1521500024552",926753
266814868,"ASST_NON_FL0260L4D011710_086","FL0260L4D011710","THE SALVATION ARMY","FL","2018-02-15","2018-02-1521500021407",522956
266822878,"ASST_NON_FL0489L4H081703_086","FL0489L4H081703","PEACEFUL PATHS, INC.","FL","2018-02-15","2018-02-1521500024429",62776
266818927,"ASST_NON_FL0352L4H021708_086","FL0352L4H021708","BOLEY CENTERS INC","FL","2018-02-15","2018-02-1521500024060",522115
266820066,"ASST_NON_FL0398L4H031707_086","FL0398L4H031707","THE HOUSE OF ISRAEL, INC.","FL","2018-02-15","2018-02-1521500024405",129366
266822943,"ASST_NON_FL0493L4H001704_086","FL0493L4H001704","COMMUNITY ASSISTED & SUPPORTED LIVING INC","FL","2018-02-15","2018-02-1521500024303",210668
266820869,"ASST_NON_FL0446L4H021705_086","FL0446L4H021705","WESTCARE GULFCOAST - FLORIDA, INC.","FL","2018-02-15","2018-02-1521500024421",85953
266825572,"ASST_NON_FL0626L4H081701_086","FL0626L4H081701","PEACEFUL PATHS, INC.","FL","2018-02-15","2018-02-1521500024074",42375
266820242,"ASST_NON_FL0412L4H071701_086","FL0412L4H071701","COUNTY OF OSCEOLA","FL","2018-02-15","2018-02-1521500024365",87934
266818942,"ASST_NON_FL0353L4H021708_086","FL0353L4H021708","BOLEY CENTERS INC","FL","2018-02-15","2018-02-1521500024063",62580
266820885,"ASST_NON_FL0448L4H021705_086","FL0448L4H021705","BOLEY CENTERS INC","FL","2018-02-15","2018-02-1521500024270",87296
266799896,"ASST_NON_FL0041L4H021710_086","FL0041L4H021710","BOLEY CENTERS INC","FL","2018-02-15","2018-02-1521500024532",269400
266824022,"ASST_NON_FL0553L4H031702_086","FL0553L4H031702","AGENCY FOR COMMUNITY TREATMENT SERVICES, INC","FL","2018-02-15","2018-02-1521500024329",244876
266818918,"ASST_NON_FL0351L4H011708_086","FL0351L4H011708","AGENCY FOR COMMUNITY TREATMENT SERVICES, INC","FL","2018-02-15","2018-02-1521500024056",186755
266800015,"ASST_NON_FL0048L4H031708_086","FL0048L4H031708","AGENCY FOR COMMUNITY TREATMENT SERVICES, INC","FL","2018-02-15","2018-02-1521500024543",105065
266799944,"ASST_NON_FL0046L4H021710_086","FL0046L4H021710","BROOKWOOD FLORIDA, INC.","FL","2018-02-15","2018-02-1521500024549",79085
266819407,"ASST_NON_FL0361L4H101708_086","FL0361L4H101708","JACKSONVILLE HOUSING AUTHORITY","FL","2018-02-15","2018-02-1521500024244",228268
266822969,"ASST_NON_FL0499L4H011704_086","FL0499L4H011704","AGENCY FOR COMMUNITY TREATMENT SERVICES, INC","FL","2018-02-15","2018-02-1521500024426",1820807
266814882,"ASST_NON_FL0261L4D021708_086","FL0261L4D021708","GULF COAST PARTNERSHIP, INC.","FL","2018-02-15","2018-02-1521500021448",70061
266819956,"ASST_NON_FL0384L4H031706_086","FL0384L4H031706","AGENCY FOR COMMUNITY TREATMENT SERVICES, INC","FL","2018-02-15","2018-02-1521500024342",204318
266820076,"ASST_NON_FL0399L4H201717_086","FL0399L4H201717","LIFESTREAM BEHAVIORAL CENTER, INC.","FL","2018-02-15","2018-02-1521500024354",57881
266796515,"ASST_NON_FL0006L4H001710_086","FL0006L4H001710","SUNCOAST PARTNERSHIP TO END HOMELESSNESS, INC.","FL","2018-02-15","2018-02-1521500024503",74575
266801576,"ASST_NON_FL0052L4H031710_086","FL0052L4H031710","AGENCY FOR COMMUNITY TREATMENT SERVICES, INC","FL","2018-02-15","2018-02-1521500024600",55379
266796874,"ASST_NON_FL0011L4H011710_086","FL0011L4H011710","AGENCY FOR COMMUNITY TREATMENT SERVICES, INC","FL","2018-02-15","2018-02-1521500024574",122330
266820754,"ASST_NON_FL0420L4H101702_086","FL0420L4H101702","JACKSONVILLE HOUSING AUTHORITY","FL","2018-02-15","2018-02-1521500024374",83557
266820780,"ASST_NON_FL0429L4H191702_086","FL0429L4H191702","PASCO COUNTY, FLORIDA, FEDERALLY ASSISTED HOUSING, INC.","FL","2018-02-15","2018-02-1521500024379",52140
266815508,"ASST_NON_FL0287L4D051710_086","FL0287L4D051710","LORDS PLACE INC","FL","2018-02-15","2018-02-1521500021274",312087
266808890,"ASST_NON_FL0163L4H191710_086","FL0163L4H191710","CATHOLIC CHARITIES DIOCESE OF SAINT PETERSBURG INC","FL","2018-02-15","2018-02-1521500024012",156864
266827105,"ASST_NON_FL0650L4H191701_086","FL0650L4H191701","CATHOLIC CHARITIES DIOCESE OF SAINT PETERSBURG INC","FL","2018-02-15","2018-02-1521500024220",94592
266824897,"ASST_NON_FL0603L4H021702_086","FL0603L4H021702","CATHOLIC CHARITIES DIOCESE OF SAINT PETERSBURG INC","FL","2018-02-15","2018-02-1521500024170",150215
266819473,"ASST_NON_FL0368L4D051708_086","FL0368L4D051708","LORDS PLACE INC","FL","2018-02-15","2018-02-1521500021315",149666
266823371,"ASST_NON_FL0505L4H011704_086","FL0505L4H011704","CATHOLIC CHARITIES DIOCESE OF SAINT PETERSBURG INC","FL","2018-02-15","2018-02-1521500024308",970701
266822080,"ASST_NON_FL0475L4H141704_086","FL0475L4H141704","SHEPHERD'S LIGHTHOUSE, INC","FL","2018-02-15","2018-02-1521500024433",51056
266824799,"ASST_NON_FL0593L4D041702_086","FL0593L4D041702","CATHOLIC CHARITIES OF THE ARCHDIOCESE OF MIAMI, INC","FL","2018-02-15","2018-02-1521500021531",87273
266816784,"ASST_NON_FL0319L4D041709_086","FL0319L4D041709","A.H. OF MONROE COUNTY, INC.","FL","2018-02-15","2018-02-1521500021324",15644
266815377,"ASST_NON_FL0273L4D041710_086","FL0273L4D041710","CATHOLIC CHARITIES OF THE ARCHDIOCESE OF MIAMI, INC","FL","2018-02-15","2018-02-1521500021318",214542
266822851,"ASST_NON_FL0483L4D051704_086","FL0483L4D051704","LORDS PLACE INC","FL","2018-02-15","2018-02-1521500021234",143816
266818457,"ASST_NON_FL0341L4H141707_086","FL0341L4H141707","MARION COUNTY HOMELESS COUNCIL, INC.","FL","2018-02-15","2018-02-1521500024042",33446
266827029,"ASST_NON_FL0641L4H141701_086","FL0641L4H141701","MARION COUNTY HOMELESS COUNCIL, INC.","FL","2018-02-15","2018-02-1521500024094",83491
266818470,"ASST_NON_FL0342L4H141707_086","FL0342L4H141707","MARION COUNTY HOMELESS COUNCIL, INC.","FL","2018-02-15","2018-02-1521500024053",24456
266824135,"ASST_NON_FL0569L4H081702_086","FL0569L4H081702","ALACHUA COUNTY COALITION FOR THE HOMELESS & HUNGRY INC","FL","2018-02-15","2018-02-1521500024206",43743
266823539,"ASST_NON_FL0539L4D051703_086","FL0539L4D051703","YWCA OF PALM BEACH COUNTY, INC.","FL","2018-02-15","2018-02-1521500021424",368728
266816012,"ASST_NON_FL0299L4H011709_086","FL0299L4H011709","TAMPA HOUSING AUTHORITY","FL","2018-02-15","2018-02-1521500024019",169385
266810552,"ASST_NON_FL0192L4D001710_086","FL0192L4D001710","VOLUNTEERS OF AMERICA OF FLORIDA INC","FL","2018-02-15","2018-02-1521500021486",798180
266826451,"ASST_NON_FL0639L4H131701_086","FL0639L4H131701","HOUSING FOR HOMELESS, INC.","FL","2018-02-15","2018-02-1521500024227",39789
266813727,"ASST_NON_FL0247L4D011710_086","FL0247L4D011710","VOLUNTEERS OF AMERICA OF FLORIDA INC","FL","2018-02-15","2018-02-1521500021365",395231
266808367,"ASST_NON_FL0159L4H181710_086","FL0159L4H181710","VOLUNTEERS OF AMERICA OF FLORIDA INC","FL","2018-02-15","2018-02-1521500024259",152430
266797713,"ASST_NON_FL0023L4H011709_086","FL0023L4H011709","TAMPA HOUSING AUTHORITY","FL","2018-02-15","2018-02-1521500024568",313644
266802852,"ASST_NON_FL0064L4H041710_086","FL0064L4H041710","THE VOLUSIA/FLAGLER COUNTY COALITION FOR THE HOMELESS, INC.","FL","2018-02-15","2018-02-1521500024491",193170
266815988,"ASST_NON_FL0295L4D061710_086","FL0295L4D061710","THE SHELTER FOR ABUSED WOMEN & CHILDREN, INC","FL","2018-02-15","2018-02-1521500021286",107795
266808098,"ASST_NON_FL0147L4H131710_086","FL0147L4H131710","HOUSING FOR HOMELESS, INC.","FL","2018-02-15","2018-02-1521500024131",318972
266824043,"ASST_NON_FL0555L4H041702_086","FL0555L4H041702","THE VOLUSIA/FLAGLER COUNTY COALITION FOR THE HOMELESS, INC.","FL","2018-02-15","2018-02-1521500024194",71645
266808067,"ASST_NON_FL0145L4H131710_086","FL0145L4H131710","CROSSWINDS YOUTH SERVICES, INC.","FL","2018-02-15","2018-02-1521500024517",66547
266820834,"ASST_NON_FL0441L4H201706_086","FL0441L4H201706","LAKE COUNTY","FL","2018-02-15","2018-02-1521500024410",97857
266825453,"ASST_NON_FL0617L4H041701_086","FL0617L4H041701","THE VOLUSIA/FLAGLER COUNTY COALITION FOR THE HOMELESS, INC.","FL","2018-02-15","2018-02-1521500024187",50489
266824262,"ASST_NON_FL0577L4H131702_086","FL0577L4H131702","HOUSING FOR HOMELESS, INC.","FL","2018-02-15","2018-02-1521500024162",123266
266824039,"ASST_NON_FL0554L4H041702_086","FL0554L4H041702","THE VOLUSIA/FLAGLER COUNTY COALITION FOR THE HOMELESS, INC.","FL","2018-02-15","2018-02-1521500024136",58250
266820863,"ASST_NON_FL0445L4H011704_086","FL0445L4H011704","VOLUNTEERS OF AMERICA OF FLORIDA INC","FL","2018-02-15","2018-02-1521500024261",334282
266820260,"ASST_NON_FL0418L4H091705_086","FL0418L4H091705","INDIAN RIVER, COUNTY OF","FL","2018-02-15","2018-02-1521500024369",27840
266806462,"ASST_NON_FL0113L4H091705_086","FL0113L4H091705","INDIAN RIVER, COUNTY OF","FL","2018-02-15","2018-02-1521500024464",100428
266819926,"ASST_NON_FL0380L4H091703_086","FL0380L4H091703","INDIAN RIVER, COUNTY OF","FL","2018-02-15","2018-02-1521500024388",89340
266820823,"ASST_NON_FL0440L4H091706_086","FL0440L4H091706","INDIAN RIVER, COUNTY OF","FL","2018-02-15","2018-02-1521500024383",108864
266816075,"ASST_NON_FL0302L4H061709_086","FL0302L4H061709","BIG BEND HOMELESS COALITION, INC.","FL","2018-02-15","2018-02-1521500024254",591253
266827046,"ASST_NON_FL0644L4H171701_086","FL0644L4H171701","HEARTLAND COALITION FOR THE HOMELESS, INC.","FL","2018-02-15","2018-02-1521500024100",34085
266798618,"ASST_NON_FL0035L4H021709_086","FL0035L4H021709","HOMELESS EMERGENCY PROJECT, INC.","FL","2018-02-15","2018-02-1521500024520",52565
266827037,"ASST_NON_FL0643L4H171701_086","FL0643L4H171701","HEARTLAND COALITION FOR THE HOMELESS, INC.","FL","2018-02-15","2018-02-1521500024097",120494
266806499,"ASST_NON_FL0116L4H091710_086","FL0116L4H091710","INDIAN RIVER, COUNTY OF","FL","2018-02-15","2018-02-1521500024459",35400
266824016,"ASST_NON_FL0552L4H031702_086","FL0552L4H031702","TALBOT HOUSE MINISTRIES OF LAKELAND, INC.","FL","2018-02-15","2018-02-1521500024327",163287
266806477,"ASST_NON_FL0114L4H091710_086","FL0114L4H091710","INDIAN RIVER, COUNTY OF","FL","2018-02-15","2018-02-1521500024588",70776
266798583,"ASST_NON_FL0030L4H021710_086","FL0030L4H021710","HOMELESS EMERGENCY PROJECT, INC.","FL","2018-02-15","2018-02-1521500024509",93314
266803048,"ASST_NON_FL0077L4H061710_086","FL0077L4H061710","BIG BEND HOMELESS COALITION, INC.","FL","2018-02-15","2018-02-1521500024487",417007
266827398,"ASST_NON_FL0669L4H031701_086","FL0669L4H031701","TALBOT HOUSE MINISTRIES OF LAKELAND, INC.","FL","2018-02-15","2018-02-1521500024118",81045
266806626,"ASST_NON_FL0119L4H091710_086","FL0119L4H091710","INDIAN RIVER, COUNTY OF","FL","2018-02-15","2018-02-1521500024592",269184
266815472,"ASST_NON_FL0281L4D051710_086","FL0281L4D051710","JEROME GOLDEN CENTER FOR BEHAVIORAL HEALTH, INC., THE","FL","2018-02-15","2018-02-1521500021272",442594
266815971,"ASST_NON_FL0294L4D061709_086","FL0294L4D061709","SOUTHWEST FLORIDA REGIONAL COALITION TO END HOMELESSNESS, INC.","FL","2018-02-15","2018-02-1521500021284",78676
266819394,"ASST_NON_FL0360L4H091708_086","FL0360L4H091708","INDIAN RIVER, COUNTY OF","FL","2018-02-15","2018-02-1521500024051",92532
266817950,"ASST_NON_FL0338L4H091704_086","FL0338L4H091704","INDIAN RIVER, COUNTY OF","FL","2018-02-15","2018-02-1521500024039",70776
266815360,"ASST_NON_FL0272L4D041710_086","FL0272L4D041710","MONROE ASSOCIATION FOR RETARDED CITIZENS INC","FL","2018-02-15","2018-02-1521500021264",108854
266821457,"ASST_NON_FL0469L4H001705_086","FL0469L4H001705","HARVEST TABERNACLE OF SARASOTA, INC.","FL","2018-02-15","2018-02-1521500024283",131120
266801594,"ASST_NON_FL0054L4H031710_086","FL0054L4H031710","HOMELESS COALITION OF POLK COUNTY, INC.","FL","2018-02-15","2018-02-1521500024479",118751
266825447,"ASST_NON_FL0614L4H021701_086","FL0614L4H021701","ST. VINCENT DE PAUL CARES, INC.","FL","2018-02-15","2018-02-1521500024181",39011
266824890,"ASST_NON_FL0602L4H021702_086","FL0602L4H021702","ST. VINCENT DE PAUL CARES, INC.","FL","2018-02-15","2018-02-1521500024202",242973
266827075,"ASST_NON_FL0649L4H191701_086","FL0649L4H191701","ST. VINCENT DE PAUL CARES, INC.","FL","2018-02-15","2018-02-1521500024106",93931
266808301,"ASST_NON_FL0154L4H151710_086","FL0154L4H151710","HOMELESS & HUNGER COALITION OF NORTHWEST FLORIDA, INC.","FL","2018-02-15","2018-02-1521500024128",30765
266824959,"ASST_NON_FL0608L4H191702_086","FL0608L4H191702","ST. VINCENT DE PAUL CARES, INC.","FL","2018-02-15","2018-02-1521500024198",125930
266823421,"ASST_NON_FL0517L4H041703_086","FL0517L4H041703","HALIFAX URBAN MINISTRIES INC","FL","2018-02-15","2018-02-1521500024314",216221
266825463,"ASST_NON_FL0619L4H041701_086","FL0619L4H041701","HALIFAX URBAN MINISTRIES INC","FL","2018-02-15","2018-02-1521500024211",51034
266825561,"ASST_NON_FL0622L4H051701_086","FL0622L4H051701","OKALOOSA WALTON HOMELESS CONTINUUM OF CARE, OPPORTUNITY, INC.","FL","2018-02-15","2018-02-1521500024234",52552
266799916,"ASST_NON_FL0043L4H021710_086","FL0043L4H021710","HOMELESS LEADERSHIP ALLIANCE OF PINELLAS, INC","FL","2018-02-15","2018-02-1521500024563",247797
266826371,"ASST_NON_FL0634L4H111701_086","FL0634L4H111701","LAKEVIEW CENTER INC","FL","2018-02-15","2018-02-1521500024086",122493
266808017,"ASST_NON_FL0141L4H111710_086","FL0141L4H111710","OPENING DOORS NORTHWEST FLORIDA (NWFL) INC.","FL","2018-02-15","2018-02-1521500024524",143974
266796922,"ASST_NON_FL0017L4H011710_086","FL0017L4H011710","PROJECT RETURN, INC.","FL","2018-02-15","2018-02-1521500024527",158364
266827319,"ASST_NON_FL0667L4H041701_086","FL0667L4H041701","HALIFAX URBAN MINISTRIES INC","FL","2018-02-15","2018-02-1521500024218",92163
266807607,"ASST_NON_FL0139L4H111710_086","FL0139L4H111710","LAKEVIEW CENTER INC","FL","2018-02-15","2018-02-1521500024535",284889
266825552,"ASST_NON_FL0621L4H041701_086","FL0621L4H041701","HALIFAX URBAN MINISTRIES INC","FL","2018-02-15","2018-02-1521500024235",100418
266824004,"ASST_NON_FL0550L4H021702_086","FL0550L4H021702","HOMELESS LEADERSHIP ALLIANCE OF PINELLAS, INC","FL","2018-02-15","2018-02-1521500024324",168211
266820769,"ASST_NON_FL0426L4H191705_086","FL0426L4H191705","ACE OPPORTUNITIES INC","FL","2018-02-15","2018-02-1521500024377",109775
266814938,"ASST_NON_FL0267L4D031710_086","FL0267L4D031710","COUNTY OF LEE","FL","2018-02-15","2018-02-1521500021262",73328
266808350,"ASST_NON_FL0158L4H181710_086","FL0158L4H181710","UNITED WAY OF SUWANNEE VALLEY, INC.","FL","2018-02-15","2018-02-1521500024004",32146
266827056,"ASST_NON_FL0646L4H181701_086","FL0646L4H181701","UNITED WAY OF SUWANNEE VALLEY, INC.","FL","2018-02-15","2018-02-1521500024223",85000
266814928,"ASST_NON_FL0266L4D031710_086","FL0266L4D031710","COUNTY OF LEE","FL","2018-02-15","2018-02-1521500021259",77632
266814918,"ASST_NON_FL0265L4D031710_086","FL0265L4D031710","COUNTY OF LEE","FL","2018-02-15","2018-02-1521500021452",53986
266819982,"ASST_NON_FL0388L4H191706_086","FL0388L4H191706","ACE OPPORTUNITIES INC","FL","2018-02-15","2018-02-1521500024346",99635
266822866,"ASST_NON_FL0485L4H041703_086","FL0485L4H041703","NEIGHBORHOOD CENTER OF WEST VOLUSIA, INC","FL","2018-02-15","2018-02-1521500024294",49366
266820269,"ASST_NON_FL0419L4H091702_086","FL0419L4H091702","ST LUCIE COUNTY BOARD OF COUNTY COMMISSIONERS","FL","2018-02-15","2018-02-1521500024397",94260
266819945,"ASST_NON_FL0382L4H101706_086","FL0382L4H101706","PRESBYTERIAN SOCIAL MINISTRIES, INC.","FL","2018-02-15","2018-02-1521500024339",71683
266825544,"ASST_NON_FL0620L4H041701_086","FL0620L4H041701","NEIGHBORHOOD CENTER OF WEST VOLUSIA, INC","FL","2018-02-15","2018-02-1521500024237",133749
266823411,"ASST_NON_FL0516L4H041703_086","FL0516L4H041703","NEIGHBORHOOD CENTER OF WEST VOLUSIA, INC","FL","2018-02-15","2018-02-1521500024418",23106
266801739,"ASST_NON_FL0059L4H041706_086","FL0059L4H041706","NEIGHBORHOOD CENTER OF WEST VOLUSIA, INC","FL","2018-02-15","2018-02-1521500024497",50534
266816689,"ASST_NON_FL0310L4H091709_086","FL0310L4H091709","ST LUCIE COUNTY BOARD OF COUNTY COMMISSIONERS","FL","2018-02-15","2018-02-1521500024028",158964
266817208,"ASST_NON_FL0326L4H041706_086","FL0326L4H041706","NEIGHBORHOOD CENTER OF WEST VOLUSIA, INC","FL","2018-02-15","2018-02-1521500024031",50508
266820876,"ASST_NON_FL0447L4H021705_086","FL0447L4H021705","COMMUNITY ACTION STOPS ABUSE INC","FL","2018-02-15","2018-02-1521500024391",234331
266824759,"ASST_NON_FL0584L4H201702_086","FL0584L4H201702","MID FLORIDA HOMELESS COALITION, INC.","FL","2018-02-15","2018-02-1521500024165",39031
266824047,"ASST_NON_FL0557L4H041702_086","FL0557L4H041702","NEIGHBORHOOD CENTER OF WEST VOLUSIA, INC","FL","2018-02-15","2018-02-1521500024141",84980
266820147,"ASST_NON_FL0406L4H041704_086","FL0406L4H041704","NEIGHBORHOOD CENTER OF WEST VOLUSIA, INC","FL","2018-02-15","2018-02-1521500024401",54143
266802842,"ASST_NON_FL0063L4H041710_086","FL0063L4H041710","NEIGHBORHOOD CENTER OF WEST VOLUSIA, INC","FL","2018-02-15","2018-02-1521500024495",25571
266808908,"ASST_NON_FL0164L4H201710_086","FL0164L4H201710","MID FLORIDA HOMELESS COALITION, INC.","FL","2018-02-15","2018-02-1521500024016",76999
266820057,"ASST_NON_FL0397L4H091707_086","FL0397L4H091707","ST LUCIE COUNTY BOARD OF COUNTY COMMISSIONERS","FL","2018-02-15","2018-02-1521500024348",159552
266820111,"ASST_NON_FL0400L4H201707_086","FL0400L4H201707","CITRUS COUNTY FLORIDA","FL","2018-02-15","2018-02-1521500024358",98593
266824002,"ASST_NON_FL0550L4H021500_086","FL0550L4H021500","HOMELESS LEADERSHIP ALLIANCE OF PINELLAS, INC","FL","2018-03-20","2018-03-2032000017615",-27240.81
266823958,"ASST_NON_FL0549L4H021500_086","FL0549L4H021500","HOMELESS LEADERSHIP ALLIANCE OF PINELLAS, INC","FL","2018-03-20","2018-03-2032000017609",-6269.38
266820109,"ASST_NON_FL0400L4H201505_086","FL0400L4H201505","CITRUS COUNTY FLORIDA","FL","2018-03-20","2018-03-2032000017605",-10961.68
266799914,"ASST_NON_FL0043L4H021508_086","FL0043L4H021508","211 TAMPA BAY CARES, INC.","FL","2018-03-20","2018-03-2032000017601",-30502.42
266827318,"ASST_NON_FL0667L4H041600_086","FL0667L4H041600","HALIFAX URBAN MINISTRIES INC","FL","2018-03-29","2018-03-2932900030866",86499
266807347,"ASST_NON_FL0123L4H101508_086","FL0123L4H101508","CHANGING HOMELESSNESS, INC.","FL","2018-04-03","2018-04-0340300170302",-50289.18
266827303,"ASST_NON_FL0662L4D041701_086","FL0662L4D041701","FLORIDA KEYS OUTREACH COALITION, INC.","FL","2018-04-03","2018-04-0340300164163",22443
266823359,"ASST_NON_FL0504L4H101704_086","FL0504L4H101704","ABILITY HOUSING INC","FL","2018-04-03","2018-04-0340300170658",372040
266808050,"ASST_NON_FL0144L4H121710_086","FL0144L4H121710","FLAGLER HOSPITAL, INC","FL","2018-04-03","2018-04-0340300170651",62790
266823944,"ASST_NON_FL0547L4H011702_086","FL0547L4H011702","TAMPA HILLSBOROUGH HOMELESS INITIATIVE INC.","FL","2018-04-03","2018-04-0340300170634",435535
266824087,"ASST_NON_FL0561L4H071702_086","FL0561L4H071702","HOMELESS SERVICES NETWORK OF CENTRAL FLORIDA, INC.","FL","2018-04-03","2018-04-0340300170647",1745109
266824097,"ASST_NON_FL0562L4H071702_086","FL0562L4H071702","HOMELESS SERVICES NETWORK OF CENTRAL FLORIDA, INC.","FL","2018-04-03","2018-04-0340300170645",416824
266823954,"ASST_NON_FL0548L4H011702_086","FL0548L4H011702","TAMPA HILLSBOROUGH HOMELESS INITIATIVE INC.","FL","2018-04-03","2018-04-0340300170654",80505
266824905,"ASST_NON_FL0605L4H071702_086","FL0605L4H071702","HOMELESS SERVICES NETWORK OF CENTRAL FLORIDA, INC.","FL","2018-04-03","2018-04-0340300170641",1083435
266820767,"ASST_NON_FL0426L4H191503_086","FL0426L4H191503","ACE OPPORTUNITIES INC","FL","2018-04-03","2018-04-0340300170306",-5413
266820231,"ASST_NON_FL0410L4H061705_086","FL0410L4H061705","CENTER FOR INDEPENDENT LIVING OF NORTH FLORIDA INC.","FL","2018-04-03","2018-04-0340300170626",152831
266827065,"ASST_NON_FL0647L4H181701_086","FL0647L4H181701","UNITED WAY OF SUWANNEE VALLEY, INC.","FL","2018-04-03","2018-04-0340300170656",69812
266807357,"ASST_NON_FL0124L4H101710_086","FL0124L4H101710","CHANGING HOMELESSNESS, INC.","FL","2018-04-04","2018-04-0440400017441",65600
266814300,"ASST_NON_FL0258L4D011710_086","FL0258L4D011710","BROWARD, COUNTY OF","FL","2018-04-04","2018-04-0440400014514",1004769
266821441,"ASST_NON_FL0465L4D011705_086","FL0465L4D011705","BROWARD, COUNTY OF","FL","2018-04-04","2018-04-0440400014545",220149
266823460,"ASST_NON_FL0526L4H101703_086","FL0526L4H101703","CHANGING HOMELESSNESS, INC.","FL","2018-04-04","2018-04-0440400017504",69906
266814219,"ASST_NON_FL0251L4D011710_086","FL0251L4D011710","BROWARD, COUNTY OF","FL","2018-04-04","2018-04-0440400014625",938290
266820121,"ASST_NON_FL0401L4D011707_086","FL0401L4D011707","BROWARD, COUNTY OF","FL","2018-04-04","2018-04-0440400014670",225750
266814253,"ASST_NON_FL0254L4D011710_086","FL0254L4D011710","BROWARD, COUNTY OF","FL","2018-04-04","2018-04-0440400014792",383962
266820953,"ASST_NON_FL0456L4H101705_086","FL0456L4H101705","CHANGING HOMELESSNESS, INC.","FL","2018-04-04","2018-04-0440400017515",58269
266807372,"ASST_NON_FL0125L4H101710_086","FL0125L4H101710","CHANGING HOMELESSNESS, INC.","FL","2018-04-04","2018-04-0440400017434",543279
266819439,"ASST_NON_FL0364L4D011708_086","FL0364L4D011708","BROWARD, COUNTY OF","FL","2018-04-04","2018-04-0440400014517",265839
266823518,"ASST_NON_FL0535L4D011703_086","FL0535L4D011703","BROWARD, COUNTY OF","FL","2018-04-04","2018-04-0440400014522",332685
266807327,"ASST_NON_FL0121L4H101709_086","FL0121L4H101709","CHANGING HOMELESSNESS, INC.","FL","2018-04-04","2018-04-0440400017448",76471
266823507,"ASST_NON_FL0534L4D011703_086","FL0534L4D011703","BROWARD, COUNTY OF","FL","2018-04-04","2018-04-0440400014628",252925
266819455,"ASST_NON_FL0366L4D011708_086","FL0366L4D011708","BROWARD, COUNTY OF","FL","2018-04-04","2018-04-0440400014535",250039
266813744,"ASST_NON_FL0248L4D011710_086","FL0248L4D011710","BROWARD, COUNTY OF","FL","2018-04-04","2018-04-0440400014504",983170
266814236,"ASST_NON_FL0252L4D011710_086","FL0252L4D011710","BROWARD, COUNTY OF","FL","2018-04-04","2018-04-0440400014797",366241
266814283,"ASST_NON_FL0257L4D011710_086","FL0257L4D011710","BROWARD, COUNTY OF","FL","2018-04-04","2018-04-0440400014646",409425
266824780,"ASST_NON_FL0588L4D001702_086","FL0588L4D001702","MIAMI-DADE COUNTY","FL","2018-04-04","2018-04-0440400014712",473552
266809118,"ASST_NON_FL0170L4D001710_086","FL0170L4D001710","MIAMI-DADE COUNTY","FL","2018-04-04","2018-04-0440400014559",526733
266824786,"ASST_NON_FL0590L4D001702_086","FL0590L4D001702","MIAMI-DADE COUNTY","FL","2018-04-04","2018-04-0440400014773",550588
266816705,"ASST_NON_FL0311L4D001709_086","FL0311L4D001709","MIAMI-DADE COUNTY","FL","2018-04-04","2018-04-0440400014598",976704
266816734,"ASST_NON_FL0313L4D001709_086","FL0313L4D001709","MIAMI-DADE COUNTY","FL","2018-04-04","2018-04-0440400014700",222332
266808940,"ASST_NON_FL0166L4D001710_086","FL0166L4D001710","MIAMI-DADE COUNTY","FL","2018-04-04","2018-04-0440400014803",1182164
266811211,"ASST_NON_FL0204L4D001710_086","FL0204L4D001710","MIAMI-DADE COUNTY","FL","2018-04-04","2018-04-0440400014608",281949
266809159,"ASST_NON_FL0174L4D001710_086","FL0174L4D001710","MIAMI-DADE COUNTY","FL","2018-04-04","2018-04-0440400014823",241280
266822931,"ASST_NON_FL0492L4D001704_086","FL0492L4D001704","MIAMI-DADE COUNTY","FL","2018-04-04","2018-04-0440400014541",770510
266813245,"ASST_NON_FL0238L4D001710_086","FL0238L4D001710","MIAMI-DADE COUNTY","FL","2018-04-04","2018-04-0440400014706",112215
266824773,"ASST_NON_FL0587L4D001702_086","FL0587L4D001702","MIAMI-DADE COUNTY","FL","2018-04-04","2018-04-0440400014562",786624
266811939,"ASST_NON_FL0213L4D001710_086","FL0213L4D001710","MIAMI-DADE COUNTY","FL","2018-04-04","2018-04-0440400014667",184486
266820793,"ASST_NON_FL0431L4D001706_086","FL0431L4D001706","MIAMI-DADE COUNTY","FL","2018-04-04","2018-04-0440400014657",2002366
266809175,"ASST_NON_FL0175L4D001710_086","FL0175L4D001710","MIAMI-DADE COUNTY","FL","2018-04-04","2018-04-0440400014555",272676
266811201,"ASST_NON_FL0203L4D001710_086","FL0203L4D001710","MIAMI-DADE COUNTY","FL","2018-04-04","2018-04-0440400014492",49250
266808951,"ASST_NON_FL0167L4D001710_086","FL0167L4D001710","MIAMI-DADE COUNTY","FL","2018-04-04","2018-04-0440400014720",570652
266812557,"ASST_NON_FL0227L4D001710_086","FL0227L4D001710","MIAMI-DADE COUNTY","FL","2018-04-04","2018-04-0440400014585",442635
266821430,"ASST_NON_FL0463L4D001705_086","FL0463L4D001705","MIAMI-DADE COUNTY","FL","2018-04-04","2018-04-0440400014632",187276
266822845,"ASST_NON_FL0482L4D001702_086","FL0482L4D001702","MIAMI-DADE COUNTY","FL","2018-04-04","2018-04-0440400014572",173839
266810016,"ASST_NON_FL0189L4D001710_086","FL0189L4D001710","MIAMI-DADE COUNTY","FL","2018-04-04","2018-04-0440400014616",298234
266812527,"ASST_NON_FL0224L4D001710_086","FL0224L4D001710","MIAMI-DADE COUNTY","FL","2018-04-04","2018-04-0440400014611",87850
266818482,"ASST_NON_FL0343L4D001706_086","FL0343L4D001706","MIAMI-DADE COUNTY","FL","2018-04-04","2018-04-0440400014510",494397
266811296,"ASST_NON_FL0209L4D001710_086","FL0209L4D001710","MIAMI-DADE COUNTY","FL","2018-04-04","2018-04-0440400014698",148321
266809198,"ASST_NON_FL0177L4D001710_086","FL0177L4D001710","MIAMI-DADE COUNTY","FL","2018-04-04","2018-04-0440400014551",65212
266810610,"ASST_NON_FL0196L4D001710_086","FL0196L4D001710","MIAMI-DADE COUNTY","FL","2018-04-04","2018-04-0440400014689",172820
266808969,"ASST_NON_FL0169L4D001710_086","FL0169L4D001710","MIAMI-DADE COUNTY","FL","2018-04-04","2018-04-0440400014765",268601
266811221,"ASST_NON_FL0205L4D001710_086","FL0205L4D001710","MIAMI-DADE COUNTY","FL","2018-04-04","2018-04-0440400014673",439531
266820841,"ASST_NON_FL0442L4D001706_086","FL0442L4D001706","MIAMI-DADE COUNTY","FL","2018-04-04","2018-04-0440400014592",408710
266822857,"ASST_NON_FL0484L4D001704_086","FL0484L4D001704","MIAMI-DADE COUNTY","FL","2018-04-04","2018-04-0440400014795",390773
266822873,"ASST_NON_FL0487L4H101704_086","FL0487L4H101704","ABILITY HOUSING INC","FL","2018-04-04","2018-04-0440400017413",351675
266816721,"ASST_NON_FL0312L4D001709_086","FL0312L4D001709","MIAMI-DADE COUNTY","FL","2018-04-04","2018-04-0440400014760",166372
266809969,"ASST_NON_FL0184L4D001710_086","FL0184L4D001710","MIAMI-DADE COUNTY","FL","2018-04-04","2018-04-0440400014620",163128
266824911,"ASST_NON_FL0606L4H101702_086","FL0606L4H101702","ABILITY HOUSING INC","FL","2018-04-04","2018-04-0440400017543",445990
266813683,"ASST_NON_FL0243L4D001710_086","FL0243L4D001710","MIAMI-DADE COUNTY","FL","2018-04-04","2018-04-0440400014829",311242
266811174,"ASST_NON_FL0201L4D001710_086","FL0201L4D001710","MIAMI-DADE COUNTY","FL","2018-04-04","2018-04-0440400014652",284082
266811914,"ASST_NON_FL0211L4D001710_086","FL0211L4D001710","MIAMI-DADE COUNTY","FL","2018-04-04","2018-04-0440400014660",255853
266810593,"ASST_NON_FL0195L4D001710_086","FL0195L4D001710","MIAMI-DADE COUNTY","FL","2018-04-04","2018-04-0440400014643",2602810
266820854,"ASST_NON_FL0443L4D001706_086","FL0443L4D001706","MIAMI-DADE COUNTY","FL","2018-04-04","2018-04-0440400014529",245100
266808929,"ASST_NON_FL0165L4D001710_086","FL0165L4D001710","MIAMI-DADE COUNTY","FL","2018-04-04","2018-04-0440400014520",394160
266811184,"ASST_NON_FL0202L4D001710_086","FL0202L4D001710","MIAMI-DADE COUNTY","FL","2018-04-04","2018-04-0440400014697",184710
266820041,"ASST_NON_FL0391L4D001703_086","FL0391L4D001703","MIAMI-DADE COUNTY","FL","2018-04-04","2018-04-0440400014809",116710
266819428,"ASST_NON_FL0363L4D001708_086","FL0363L4D001708","MIAMI-DADE COUNTY","FL","2018-04-04","2018-04-0440400014569",309162
266809187,"ASST_NON_FL0176L4D001710_086","FL0176L4D001710","MIAMI-DADE COUNTY","FL","2018-04-04","2018-04-0440400014566",538120
266810523,"ASST_NON_FL0190L4D001710_086","FL0190L4D001710","MIAMI-DADE COUNTY","FL","2018-04-04","2018-04-0440400014495",141433
266813228,"ASST_NON_FL0236L4D001710_086","FL0236L4D001710","MIAMI-DADE COUNTY","FL","2018-04-04","2018-04-0440400014788",243950
266809944,"ASST_NON_FL0182L4D001710_086","FL0182L4D001710","MIAMI-DADE COUNTY","FL","2018-04-04","2018-04-0440400014741",172137
266812537,"ASST_NON_FL0225L4D001710_086","FL0225L4D001710","MIAMI-DADE COUNTY","FL","2018-04-04","2018-04-0440400014709",331453
266812020,"ASST_NON_FL0218L4D001710_086","FL0218L4D001710","MIAMI-DADE COUNTY","FL","2018-04-04","2018-04-0440400014663",803274
266819529,"ASST_NON_FL0376L4H071703_086","FL0376L4H071703","COUNTY OF OSCEOLA","FL","2018-04-04","2018-04-0440400017526",118209
266824249,"ASST_NON_FL0573L4H101702_086","FL0573L4H101702","MENTAL HEALTH RESOURCE CENTER INC","FL","2018-04-04","2018-04-0440400017532",120000
266805597,"ASST_NON_FL0106L4H071710_086","FL0106L4H071710","ORANGE COUNTY, FLORIDA","FL","2018-04-04","2018-04-0440400017461",676113
266807569,"ASST_NON_FL0135L4H101710_086","FL0135L4H101710","MENTAL HEALTH RESOURCE CENTER INC","FL","2018-04-04","2018-04-0440400017477",254553
266822090,"ASST_NON_FL0476L4H101704_086","FL0476L4H101704","I.M. SULZBACHER CENTER FOR THE HOMELESS, INC","FL","2018-04-04","2018-04-0440400017538",726185
266807389,"ASST_NON_FL0126L4H101710_086","FL0126L4H101710","I.M. SULZBACHER CENTER FOR THE HOMELESS, INC","FL","2018-04-04","2018-04-0440400017469",261104
266807406,"ASST_NON_FL0127L4H101710_086","FL0127L4H101710","I.M. SULZBACHER CENTER FOR THE HOMELESS, INC","FL","2018-04-04","2018-04-0440400017473",181121
266820934,"ASST_NON_FL0454L4H101705_086","FL0454L4H101705","I.M. SULZBACHER CENTER FOR THE HOMELESS, INC","FL","2018-04-04","2018-04-0440400017426",66474
266816113,"ASST_NON_FL0307L4H071709_086","FL0307L4H071709","SEMINOLE COUNTY","FL","2018-04-04","2018-04-0440400017559",479291
266808334,"ASST_NON_FL0157L4H171708_086","FL0157L4H171708","HEARTLAND COALITION FOR THE HOMELESS, INC.","FL","2018-04-04","2018-04-0440400017491",3627
266817855,"ASST_NON_FL0331L4H071706_086","FL0331L4H071706","HOMELESS SERVICES NETWORK OF CENTRAL FLORIDA, INC.","FL","2018-04-04","2018-04-0440400017483",91374
266824123,"ASST_NON_FL0566L4H071702_086","FL0566L4H071702","HOMELESS SERVICES NETWORK OF CENTRAL FLORIDA, INC.","FL","2018-04-04","2018-04-0440400017401",1165033
266804664,"ASST_NON_FL0091L4H071710_086","FL0091L4H071710","HOMELESS SERVICES NETWORK OF CENTRAL FLORIDA, INC.","FL","2018-04-04","2018-04-0440400017389",154449
266824107,"ASST_NON_FL0563L4H071702_086","FL0563L4H071702","HOMELESS SERVICES NETWORK OF CENTRAL FLORIDA, INC.","FL","2018-04-04","2018-04-0440400017519",387972
266824117,"ASST_NON_FL0564L4H071702_086","FL0564L4H071702","HOMELESS SERVICES NETWORK OF CENTRAL FLORIDA, INC.","FL","2018-04-04","2018-04-0440400017484",103406
266820133,"ASST_NON_FL0403L4H011704_086","FL0403L4H011704","TAMPA HILLSBOROUGH HOMELESS INITIATIVE INC.","FL","2018-04-04","2018-04-0440400017524",782808
266803797,"ASST_NON_FL0086L4H071710_086","FL0086L4H071710","HOMELESS SERVICES NETWORK OF CENTRAL FLORIDA, INC.","FL","2018-04-04","2018-04-0440400017407",242870
266822066,"ASST_NON_FL0471L4H071705_086","FL0471L4H071705","HOMELESS SERVICES NETWORK OF CENTRAL FLORIDA, INC.","FL","2018-04-04","2018-04-0440400017458",336589
266804689,"ASST_NON_FL0093L4H071710_086","FL0093L4H071710","HOMELESS SERVICES NETWORK OF CENTRAL FLORIDA, INC.","FL","2018-04-04","2018-04-0440400017500",52183
266804647,"ASST_NON_FL0090L4H071710_086","FL0090L4H071710","HOMELESS SERVICES NETWORK OF CENTRAL FLORIDA, INC.","FL","2018-04-04","2018-04-0440400017398",91003
266823941,"ASST_NON_FL0546L4H011702_086","FL0546L4H011702","TAMPA HILLSBOROUGH HOMELESS INITIATIVE INC.","FL","2018-04-04","2018-04-0440400017445",437853
266824120,"ASST_NON_FL0565L4H071702_086","FL0565L4H071702","HOMELESS SERVICES NETWORK OF CENTRAL FLORIDA, INC.","FL","2018-04-04","2018-04-0440400017454",94695
266797734,"ASST_NON_FL0027L4H011710_086","FL0027L4H011710","TAMPA HILLSBOROUGH HOMELESS INITIATIVE INC.","FL","2018-04-04","2018-04-0440400017495",238843
266828010,"ASST_NON_FL0681L4H051700_086","FL0681L4H051700","OKALOOSA WALTON HOMELESS CONTINUUM OF CARE, OPPORTUNITY, INC.","FL","2018-04-19","2018-04-1941900011751",16724
266828600,"ASST_NON_FL0698L4H171700_086","FL0698L4H171700","HEARTLAND COALITION FOR THE HOMELESS, INC.","FL","2018-05-07","2018-05-0750700015105",23052
266827994,"ASST_NON_FL0676L4H031700_086","FL0676L4H031700","HOMELESS COALITION OF POLK COUNTY, INC.","FL","2018-05-07","2018-05-0750700015102",75836
266827993,"ASST_NON_FL0675L4H021700_086","FL0675L4H021700","HOMELESS LEADERSHIP ALLIANCE OF PINELLAS, INC","FL","2018-05-07","2018-05-0750700015100",117608
266819415,"ASST_NON_FL0362L4D001708_086","FL0362L4D001708","MIAMI-DADE COUNTY","FL","2018-05-17","2018-05-1751700011479",877688
266798632,"ASST_NON_FL0036L4H021710_086","FL0036L4H021710","BOLEY CENTERS INC","FL","2018-05-17","2018-05-1751700013358",695813
266827293,"ASST_NON_FL0660L4D021701_086","FL0660L4D021701","JEWISH FAMILY & CHILDREN'S SERVICE OF THE SUNCOAST, INC","FL","2018-05-17","2018-05-1751700011484",129511
266825616,"ASST_NON_FL0629L4H081701_086","FL0629L4H081701","ALACHUA COUNTY COALITION FOR THE HOMELESS & HUNGRY INC","FL","2018-05-17","2018-05-1751700013361",193337
266826381,"ASST_NON_FL0636L4H111701_086","FL0636L4H111701","OPENING DOORS NORTHWEST FLORIDA (NWFL) INC.","FL","2018-05-17","2018-05-1751700013360",155901
266823530,"ASST_NON_FL0537L4D031703_086","FL0537L4D031703","COUNTY OF LEE","FL","2018-05-17","2018-05-1751700011482",1394985
266816762,"ASST_NON_FL0317L4D031709_086","FL0317L4D031709","COUNTY OF LEE","FL","2018-05-17","2018-05-1751700011488",67357
266829046,"ASST_NON_FL0700L4H191700_086","FL0700L4H191700","COALITION FOR THE HOMELESS OF PASCO COUNTY, INC","FL","2018-05-29","2018-05-2952900036350",57109
266827984,"ASST_NON_FL0672L4H001700_086","FL0672L4H001700","SUNCOAST PARTNERSHIP TO END HOMELESSNESS, INC.","FL","2018-05-29","2018-05-2952900036356",75281
266828005,"ASST_NON_FL0679L4H041700_086","FL0679L4H041700","THE VOLUSIA/FLAGLER COUNTY COALITION FOR THE HOMELESS, INC.","FL","2018-05-29","2018-05-2952900036353",54373
266829064,"ASST_NON_FL0706L4D021700_086","FL0706L4D021700","GULF COAST PARTNERSHIP, INC.","FL","2018-06-14","2018-06-1461400012588",7526
266828577,"ASST_NON_FL0691L4H121700_086","FL0691L4H121700","FLAGLER HOSPITAL, INC","FL","2018-06-21","2018-06-2162100017657",6630
266828016,"ASST_NON_FL0687L4H091700_086","FL0687L4H091700","MARTIN COUNTY","FL","2018-06-22","2018-06-2262200018163",99720
266828070,"ASST_NON_FL0688L4H091700_086","FL0688L4H091700","TREASURE COAST HOMELESS SERVICES COUNCIL, INC.","FL","2018-06-22","2018-06-2262200018160",24821
266828576,"ASST_NON_FL0690L4H111700_086","FL0690L4H111700","OPENING DOORS NORTHWEST FLORIDA (NWFL) INC.","FL","2018-06-22","2018-06-2262200018159",49812
266829065,"ASST_NON_FL0707L4D031700_086","FL0707L4D031700","COUNTY OF LEE","FL","2018-06-26","2018-06-2662600019570",72244
266829842,"ASST_NON_FL0711L4D051700_086","FL0711L4D051700","THE LORDS PLACE, INC.","FL","2018-06-27","2018-06-2762700014594",326265
266815422,"ASST_NON_FL0277L4D051503_086","FL0277L4D051503","JEROME GOLDEN CENTER FOR BEHAVIORAL HEALTH, INC., THE","FL","2018-06-28","2018-06-2862800026298",-235
266814916,"ASST_NON_FL0265L4D031508_086","FL0265L4D031508","COUNTY OF LEE","FL","2018-06-28","2018-06-2862800026286",-2639.86
266814953,"ASST_NON_FL0268L4D031507_086","FL0268L4D031507","COUNTY OF LEE","FL","2018-06-28","2018-06-2862800026280",-37421.89
266814936,"ASST_NON_FL0267L4D031508_086","FL0267L4D031508","COUNTY OF LEE","FL","2018-06-28","2018-06-2862800026292",-16088.27
266827992,"ASST_NON_FL0674L4H011700_086","FL0674L4H011700","TAMPA HILLSBOROUGH HOMELESS INITIATIVE INC.","FL","2018-07-05","2018-07-0570500023798",187822
266828593,"ASST_NON_FL0696L4H141700_086","FL0696L4H141700","SHEPHERD'S LIGHTHOUSE, INC","FL","2018-07-20","2018-07-2072000008883",53152
266828015,"ASST_NON_FL0686L4H091700_086","FL0686L4H091700","TREASURE COAST HOMELESS SERVICES COUNCIL, INC.","FL","2018-07-20","2018-07-2072000008886",45927
266828579,"ASST_NON_FL0692L4H121700_086","FL0692L4H121700","FLAGLER HOSPITAL, INC","FL","2018-07-20","2018-07-2072000008889",40852
266808267,"ASST_NON_FL0150L4H131508_086","FL0150L4H131508","HOUSING FOR HOMELESS, INC.","FL","2018-08-03","2018-08-0380300205461",-6560
266828591,"ASST_NON_FL0694L4H131700_086","FL0694L4H131700","BREVARD HOMELESS COALITION, INC.","FL","2018-08-06","2018-08-0680600012971",22900
266829164,"ASST_NON_FL0708L4D041700_086","FL0708L4D041700","FLORIDA KEYS OUTREACH COALITION, INC.","FL","2018-08-21","2018-08-2182100008477",30786
266829168,"ASST_NON_FL0709L4D041700_086","FL0709L4D041700","MONROE COUNTY HOMELESS SERVICES CONTINUUM-OF-CARE, INC.","FL","2018-08-21","2018-08-2182100008481",14139
266828003,"ASST_NON_FL0678L4H031700_086","FL0678L4H031700","WILSON HOUSE INC, THE","FL","2018-08-24","2018-08-2482400009375",151672
266828014,"ASST_NON_FL0685L4H081700_086","FL0685L4H081700","UNITED WAY OF NORTH CENTRAL FLORIDA, INC.","FL","2018-08-24","2018-08-2482400009368",32814
266827995,"ASST_NON_FL0677L4H031700_086","FL0677L4H031700","HOMELESS COALITION OF POLK COUNTY, INC.","FL","2018-08-24","2018-08-2482400009371",138223
266828601,"ASST_NON_FL0699L4H181700_086","FL0699L4H181700","UNITED WAY OF SUWANNEE VALLEY, INC.","FL","2018-08-24","2018-08-2482400009363",10784
266813759,"ASST_NON_FL0249L4D011508_086","FL0249L4D011508","BROWARD, COUNTY OF","FL","2018-08-27","2018-08-2782700010163",-1.29
266823380,"ASST_NON_FL0506L4D061401_086","FL0506L4D061401","YOUTH HAVEN INC","FL","2018-08-27","2018-08-2782700010076",-65
266806456,"ASST_NON_FL0112L4H081508_086","FL0112L4H081508","VETSPACE INC","FL","2018-08-27","2018-08-2782700011983",-0.01
266801621,"ASST_NON_FL0057L4H031508_086","FL0057L4H031508","TRI-COUNTY HUMAN SERVICES, INC.","FL","2018-08-27","2018-08-2782700011956",-31810
266801551,"ASST_NON_FL0050L4H031506_086","FL0050L4H031506","TRI-COUNTY HUMAN SERVICES, INC.","FL","2018-08-27","2018-08-2782700011959",-63258
266819968,"ASST_NON_FL0385L4H031503_086","FL0385L4H031503","TRI-COUNTY HUMAN SERVICES, INC.","FL","2018-08-27","2018-08-2782700012016",-56624
266813703,"ASST_NON_FL0245L4D011506_086","FL0245L4D011506","BROWARD, COUNTY OF","FL","2018-08-27","2018-08-2782700010169",-0.01
266812463,"ASST_NON_FL0221L4D001407_086","FL0221L4D001407","MIAMI-DADE COUNTY","FL","2018-08-27","2018-08-2782700010082",-50
266810014,"ASST_NON_FL0189L4D001508_086","FL0189L4D001508","MIAMI-DADE COUNTY","FL","2018-08-27","2018-08-2782700010190",-2
266818494,"ASST_NON_FL0344L4D001504_086","FL0344L4D001504","MIAMI-DADE COUNTY","FL","2018-08-27","2018-08-2782700010175",-1
266806513,"ASST_NON_FL0117L4H091508_086","FL0117L4H091508","MARTIN COUNTY","FL","2018-08-27","2018-08-2782700011977",-224.8
266813181,"ASST_NON_FL0230L4D001407_086","FL0230L4D001407","MIAMI-DADE COUNTY","FL","2018-08-27","2018-08-2782700010071",-1
266810015,"ASST_NON_FL0189L4D001609_086","FL0189L4D001609","MIAMI-DADE COUNTY","FL","2018-08-27","2018-08-2782700010440",-1
266811199,"ASST_NON_FL0203L4D001508_086","FL0203L4D001508","MIAMI-DADE COUNTY","FL","2018-08-27","2018-08-2782700010185",-2
266816177,"ASST_NON_FL0309L4H091507_086","FL0309L4H091507","MARTIN COUNTY","FL","2018-08-27","2018-08-2782700012052",-1856.94
266818940,"ASST_NON_FL0353L4H021506_086","FL0353L4H021506","BOLEY CENTERS INC","FL","2018-08-27","2018-08-2782700012010",-12349
266820961,"ASST_NON_FL0457L4H101402_086","FL0457L4H101402","RIVER REGION HUMAN SERVICES, INC","FL","2018-08-27","2018-08-2782700011852",-38595.45
266819405,"ASST_NON_FL0361L4H101506_086","FL0361L4H101506","JACKSONVILLE HOUSING AUTHORITY","FL","2018-08-27","2018-08-2782700012022",-78852
266808888,"ASST_NON_FL0163L4H191508_086","FL0163L4H191508","CATHOLIC CHARITIES DIOCESE OF SAINT PETERSBURG INC","FL","2018-08-27","2018-08-2782700011937",-126.5
266807567,"ASST_NON_FL0135L4H101508_086","FL0135L4H101508","MENTAL HEALTH RESOURCE CENTER INC","FL","2018-08-27","2018-08-2782700011931",-6848
266820932,"ASST_NON_FL0454L4H101503_086","FL0454L4H101503","I.M. SULZBACHER CENTER FOR THE HOMELESS, INC","FL","2018-08-27","2018-08-2782700011992",-0.55
266797711,"ASST_NON_FL0023L4H011507_086","FL0023L4H011507","TAMPA HOUSING AUTHORITY","FL","2018-08-27","2018-08-2782700011971",-20650.21
266820832,"ASST_NON_FL0441L4H201504_086","FL0441L4H201504","LAKE COUNTY","FL","2018-08-27","2018-08-2782700011998",-20604
266808065,"ASST_NON_FL0145L4H131508_086","FL0145L4H131508","CROSSWINDS YOUTH SERVICES, INC.","FL","2018-08-27","2018-08-2782700011943",-1200
266816073,"ASST_NON_FL0302L4H061507_086","FL0302L4H061507","BIG BEND HOMELESS COALITION, INC.","FL","2018-08-27","2018-08-2782700012040",-23524
266815969,"ASST_NON_FL0294L4D061507_086","FL0294L4D061507","SOUTHWEST FLORIDA REGIONAL COALITION TO END HOMELESSNESS, INC.","FL","2018-08-27","2018-08-2782700010181",-0.72
266801593,"ASST_NON_FL0054L4H031609_086","FL0054L4H031609","HOMELESS COALITION OF POLK COUNTY, INC.","FL","2018-08-27","2018-08-2782700012122",-59373
266803811,"ASST_NON_FL0087L4H071407_086","FL0087L4H071407","HOMELESS SERVICES NETWORK OF CENTRAL FLORIDA, INC.","FL","2018-08-27","2018-08-2782700011835",-1637.26
266805560,"ASST_NON_FL0100L4H071407_086","FL0100L4H071407","HOMELESS SERVICES NETWORK OF CENTRAL FLORIDA, INC.","FL","2018-08-27","2018-08-2782700011828",-17294.14
266797732,"ASST_NON_FL0027L4H011508_086","FL0027L4H011508","TAMPA HILLSBOROUGH HOMELESS INITIATIVE INC.","FL","2018-08-27","2018-08-2782700011965",-20311.49
266820131,"ASST_NON_FL0403L4H011402_086","FL0403L4H011402","TAMPA HILLSBOROUGH HOMELESS INITIATIVE INC.","FL","2018-08-27","2018-08-2782700011846",-105166.45
266803115,"ASST_NON_FL0079L4H071403_086","FL0079L4H071403","HOMELESS SERVICES NETWORK OF CENTRAL FLORIDA, INC.","FL","2018-08-27","2018-08-2782700011841",-86406.56
266820055,"ASST_NON_FL0397L4H091505_086","FL0397L4H091505","ST LUCIE COUNTY BOARD OF COUNTY COMMISSIONERS","FL","2018-08-27","2018-08-2782700011919",-97.55
266816687,"ASST_NON_FL0310L4H091507_086","FL0310L4H091507","ST LUCIE COUNTY BOARD OF COUNTY COMMISSIONERS","FL","2018-08-27","2018-08-2782700012046",-3.66
266828013,"ASST_NON_FL0684L4H071700_086","FL0684L4H071700","HOMELESS SERVICES NETWORK OF CENTRAL FLORIDA, INC.","FL","2018-09-06","2018-09-0690600016146",224192
266828006,"ASST_NON_FL0680L4H051700_086","FL0680L4H051700","CATHOLIC CHARITIES OF NORTHWEST FLORIDA, INC","FL","2018-09-12","2018-09-1291200012102",518989
266828011,"ASST_NON_FL0682L4H051700_086","FL0682L4H051700","CATHOLIC CHARITIES OF NORTHWEST FLORIDA, INC","FL","2018-09-12","2018-09-1291200012098",34154
266828592,"ASST_NON_FL0695L4H141700_086","FL0695L4H141700","MARION COUNTY HOMELESS COUNCIL, INC.","FL","2018-09-12","2018-09-1291200012094",44300
266829841,"ASST_NON_FL0710L4D051700_086","FL0710L4D051700","COUNTY OF PALM BEACH","FL","2018-09-19","2018-09-1991900016034",153758
266814926,"ASST_NON_FL0266L4D031508_086","FL0266L4D031508","COUNTY OF LEE","FL","2018-09-21","2018-09-2192100013778",-12644.39
266828078,"ASST_NON_FL0689L4H101700_086","FL0689L4H101700","CHANGING HOMELESSNESS, INC.","FL","2018-09-24","2018-09-2492400026044",141015
266829047,"ASST_NON_FL0701L4H201700_086","FL0701L4H201700","MID FLORIDA HOMELESS COALITION, INC.","FL","2018-09-24","2018-09-2492400026048",32337
266820793,"ASST_NON_FL0431L4D001706_086","FL0431L4D001706","MIAMI-DADE COUNTY","FL","2018-09-26","2018-09-2692600031157",2002366
266820793,"ASST_NON_FL0431L4D001706_086","FL0431L4D001706","MIAMI-DADE COUNTY","FL","2018-09-26","2018-09-2692600031159",-2002366
266824117,"ASST_NON_FL0564L4H071702_086","FL0564L4H071702","HOMELESS SERVICES NETWORK OF CENTRAL FLORIDA, INC.","FL","2018-09-26","2018-09-2692600038582",-103406
266824117,"ASST_NON_FL0564L4H071702_086","FL0564L4H071702","HOMELESS SERVICES NETWORK OF CENTRAL FLORIDA, INC.","FL","2018-09-27","2018-09-2792700015204",103406
266801593,"ASST_NON_FL0054L4H031609_086","FL0054L4H031609","HOMELESS COALITION OF POLK COUNTY, INC.","FL","2018-10-01","2018-10-01100100019658",59373
266829056,"ASST_NON_FL0704L4D011700_086","FL0704L4D011700","BROWARD, COUNTY OF","FL","2018-10-22","2018-10-22102200015328",302188
266829057,"ASST_NON_FL0705L4D011700_086","FL0705L4D011700","BROWARD, COUNTY OF","FL","2018-10-22","2018-10-22102200015324",206555
266823347,"ASST_NON_FL0503L4D051502_086","FL0503L4D051502","GULFSTREAM GOODWILL INDUSTRIES INC","FL","2018-10-29","2018-10-29102900010542",-1013.48
266823932,"ASST_NON_FL0541L4D051501_086","FL0541L4D051501","GULFSTREAM GOODWILL INDUSTRIES INC","FL","2018-10-29","2018-10-29102900010536",-13867.84
266818513,"ASST_NON_FL0347L4D051605_086","FL0347L4D051605","GULFSTREAM GOODWILL INDUSTRIES INC","FL","2018-10-29","2018-10-29102900010616",-11745.1
266815540,"ASST_NON_FL0289L4D051508_086","FL0289L4D051508","GULFSTREAM GOODWILL INDUSTRIES INC","FL","2018-10-29","2018-10-29102900010530",-21643.4
266827985,"ASST_NON_FL0673L4H001700_086","FL0673L4H001700","COMMUNITY ASSISTED & SUPPORTED LIVING INC","FL","2018-10-29","2018-10-29102900012406",77544
266823459,"ASST_NON_FL0526L4H101602_086","FL0526L4H101602","CHANGING HOMELESSNESS, INC.","FL","2018-11-08","2018-11-08110800016504",-13270.86
266824261,"ASST_NON_FL0577L4H131601_086","FL0577L4H131601","HOUSING FOR HOMELESS, INC.","FL","2018-11-08","2018-11-08110800016498",-381
266821433,"ASST_NON_FL0464L4D011402_086","FL0464L4D011402","BROWARD, COUNTY OF","FL","2018-11-15","2018-11-15111500012584",-130524.34
266819453,"ASST_NON_FL0366L4D011506_086","FL0366L4D011506","BROWARD, COUNTY OF","FL","2018-11-15","2018-11-15111500012670",-26374
266814217,"ASST_NON_FL0251L4D011508_086","FL0251L4D011508","BROWARD, COUNTY OF","FL","2018-11-15","2018-11-15111500012645",-58982
266823516,"ASST_NON_FL0535L4D011501_086","FL0535L4D011501","BROWARD, COUNTY OF","FL","2018-11-15","2018-11-15111500012663",-94178.19
266822952,"ASST_NON_FL0497L4D011502_086","FL0497L4D011502","BROWARD, COUNTY OF","FL","2018-11-15","2018-11-15111500012633",-115787.47
266814281,"ASST_NON_FL0257L4D011508_086","FL0257L4D011508","BROWARD, COUNTY OF","FL","2018-11-15","2018-11-15111500012639",-21845
266814234,"ASST_NON_FL0252L4D011508_086","FL0252L4D011508","BROWARD, COUNTY OF","FL","2018-11-15","2018-11-15111500012657",-4347.25
266823504,"ASST_NON_FL0534L4D011400_086","FL0534L4D011400","BROWARD, COUNTY OF","FL","2018-11-15","2018-11-15111500012578",-170201
266822956,"ASST_NON_FL0498L4D011502_086","FL0498L4D011502","BROWARD, COUNTY OF","FL","2018-11-15","2018-11-15111500012651",-861.62
266823505,"ASST_NON_FL0534L4D011501_086","FL0534L4D011501","BROWARD, COUNTY OF","FL","2018-11-27","2018-11-27112700011636",-111483
266821439,"ASST_NON_FL0465L4D011503_086","FL0465L4D011503","BROWARD, COUNTY OF","FL","2018-11-27","2018-11-27112700011648",-21830.98
266820119,"ASST_NON_FL0401L4D011505_086","FL0401L4D011505","BROWARD, COUNTY OF","FL","2018-11-27","2018-11-27112700011654",-80998
266813742,"ASST_NON_FL0248L4D011508_086","FL0248L4D011508","BROWARD, COUNTY OF","FL","2018-11-27","2018-11-27112700011642",-135107.66
266827292,"ASST_NON_FL0660L4D021600_086","FL0660L4D021600","JEWISH FAMILY & CHILDREN'S SERVICE OF THE SUNCOAST, INC","FL","2018-11-27","2018-11-27112700012160",-25828.5
266827388,"ASST_NON_FL0668L4D011600_086","FL0668L4D011600","BROWARD, COUNTY OF","FL","2018-11-29","2018-11-29112900014144",-123343.97
266827976,"ASST_NON_FL0671L4H001700_086","FL0671L4H001700","THE SALVATION ARMY","FL","2018-11-29","2018-11-29112900017812",221919
266813741,"ASST_NON_FL0248L4D011407_086","FL0248L4D011407","BROWARD, COUNTY OF","FL","2018-11-30","2018-11-30113000026872",-88171.79
266828599,"ASST_NON_FL0697L4H151700_086","FL0697L4H151700","HOMELESS & HUNGER COALITION OF NORTHWEST FLORIDA, INC.","FL","2018-11-30","2018-11-30113000031454",21783
266828012,"ASST_NON_FL0683L4H061700_086","FL0683L4H061700","APALACHEE REGIONAL PLANNING COUNCIL","FL","2018-12-04","2018-12-04120400183953",62042
266801552,"ASST_NON_FL0050L4H031607_086","FL0050L4H031607","TRI-COUNTY HUMAN SERVICES, INC.","FL","2018-12-07","2018-12-07120700061433",-55798
266808312,"ASST_NON_FL0155L4H031508_086","FL0155L4H031508","TRI-COUNTY HUMAN SERVICES, INC.","FL","2018-12-07","2018-12-07120700061009",-24368
266801622,"ASST_NON_FL0057L4H031609_086","FL0057L4H031609","TRI-COUNTY HUMAN SERVICES, INC.","FL","2018-12-07","2018-12-07120700061427",-32555
266822868,"ASST_NON_FL0486L4H041300_086","FL0486L4H041300","WINDWARD BEHAVIORAL CARE, INC.","FL","2018-12-07","2018-12-07120700060560",-50264.88
266822060,"ASST_NON_FL0470L4H021503_086","FL0470L4H021503","BOLEY CENTERS INC","FL","2018-12-07","2018-12-07120700060893",-12071
266818941,"ASST_NON_FL0353L4H021607_086","FL0353L4H021607","BOLEY CENTERS INC","FL","2018-12-07","2018-12-07120700061438",-14840
266819527,"ASST_NON_FL0376L4H071501_086","FL0376L4H071501","COUNTY OF OSCEOLA","FL","2018-12-07","2018-12-07120700060905",-7725
266824020,"ASST_NON_FL0553L4H031500_086","FL0553L4H031500","AGENCY FOR COMMUNITY TREATMENT SERVICES, INC","FL","2018-12-07","2018-12-07120700060946",-96821
266824895,"ASST_NON_FL0603L4H021500_086","FL0603L4H021500","CATHOLIC CHARITIES DIOCESE OF SAINT PETERSBURG INC","FL","2018-12-07","2018-12-07120700060934",-7121.91
266824247,"ASST_NON_FL0573L4H101500_086","FL0573L4H101500","MENTAL HEALTH RESOURCE CENTER INC","FL","2018-12-07","2018-12-07120700060960",-40230
266822923,"ASST_NON_FL0490L4H081502_086","FL0490L4H081502","ALACHUA COUNTY COALITION FOR THE HOMELESS & HUNGRY INC","FL","2018-12-07","2018-12-07120700060881",-27319.17
266805596,"ASST_NON_FL0106L4H071609_086","FL0106L4H071609","ORANGE COUNTY, FLORIDA","FL","2018-12-07","2018-12-07120700061444",-237877.04
266824133,"ASST_NON_FL0569L4H081500_086","FL0569L4H081500","ALACHUA COUNTY COALITION FOR THE HOMELESS & HUNGRY INC","FL","2018-12-07","2018-12-07120700061020",-28462.25
266807568,"ASST_NON_FL0135L4H101609_086","FL0135L4H101609","MENTAL HEALTH RESOURCE CENTER INC","FL","2018-12-07","2018-12-07120700061421",-25999
266816010,"ASST_NON_FL0299L4H011507_086","FL0299L4H011507","TAMPA HOUSING AUTHORITY","FL","2018-12-07","2018-12-07120700060911",-23261.29
266820862,"ASST_NON_FL0445L4H011603_086","FL0445L4H011603","VOLUNTEERS OF AMERICA OF FLORIDA INC","FL","2018-12-07","2018-12-07120700061450",-13849
266816111,"ASST_NON_FL0307L4H071507_086","FL0307L4H071507","SEMINOLE COUNTY","FL","2018-12-07","2018-12-07120700061003",-11083.62
266820883,"ASST_NON_FL0448L4H021503_086","FL0448L4H021503","HOPE VILLAGES OF AMERICA, INC.","FL","2018-12-07","2018-12-07120700060899",-16579.78
266823468,"ASST_NON_FL0528L4H151400_086","FL0528L4H151400","HOMELESS & HUNGER COALITION OF NORTHWEST FLORIDA, INC.","FL","2018-12-07","2018-12-07120700060660",-0.9
266824095,"ASST_NON_FL0562L4H071500_086","FL0562L4H071500","HOMELESS SERVICES NETWORK OF CENTRAL FLORIDA, INC.","FL","2018-12-07","2018-12-07120700060990",-138046.46
266824052,"ASST_NON_FL0559L4H051500_086","FL0559L4H051500","BRIDGEWAY CENTER INC","FL","2018-12-07","2018-12-07120700060940",-71683.31
266824121,"ASST_NON_FL0566L4H071500_086","FL0566L4H071500","HOMELESS SERVICES NETWORK OF CENTRAL FLORIDA, INC.","FL","2018-12-07","2018-12-07120700060966",-971022.64
266824085,"ASST_NON_FL0561L4H071500_086","FL0561L4H071500","HOMELESS SERVICES NETWORK OF CENTRAL FLORIDA, INC.","FL","2018-12-07","2018-12-07120700060916",-853940.68
266819512,"ASST_NON_FL0370L4H011504_086","FL0370L4H011504","TAMPA HILLSBOROUGH HOMELESS INITIATIVE INC.","FL","2018-12-07","2018-12-07120700061015",-89498.63
266824105,"ASST_NON_FL0563L4H071500_086","FL0563L4H071500","HOMELESS SERVICES NETWORK OF CENTRAL FLORIDA, INC.","FL","2018-12-07","2018-12-07120700060984",-147.69
266823952,"ASST_NON_FL0548L4H011500_086","FL0548L4H011500","TAMPA HILLSBOROUGH HOMELESS INITIATIVE INC.","FL","2018-12-07","2018-12-07120700060972",-6480.62
266823942,"ASST_NON_FL0547L4H011500_086","FL0547L4H011500","TAMPA HILLSBOROUGH HOMELESS INITIATIVE INC.","FL","2018-12-07","2018-12-07120700060922",-111609.19
266824131,"ASST_NON_FL0567L4H071500_086","FL0567L4H071500","HOMELESS SERVICES NETWORK OF CENTRAL FLORIDA, INC.","FL","2018-12-07","2018-12-07120700060952",-3521.45
266823939,"ASST_NON_FL0546L4H011500_086","FL0546L4H011500","TAMPA HILLSBOROUGH HOMELESS INITIATIVE INC.","FL","2018-12-07","2018-12-07120700060928",-85414.99
266824903,"ASST_NON_FL0605L4H071500_086","FL0605L4H071500","HOMELESS SERVICES NETWORK OF CENTRAL FLORIDA, INC.","FL","2018-12-07","2018-12-07120700060978",-621959.98
266822064,"ASST_NON_FL0471L4H071503_086","FL0471L4H071503","HOMELESS SERVICES NETWORK OF CENTRAL FLORIDA, INC.","FL","2018-12-07","2018-12-07120700060887",-78037.69
266824919,"ASST_NON_FL0607L4H181500_086","FL0607L4H181500","UNITED WAY OF SUWANNEE VALLEY, INC.","FL","2018-12-07","2018-12-07120700061026",-53743
266824757,"ASST_NON_FL0584L4H201500_086","FL0584L4H201500","MID FLORIDA HOMELESS COALITION, INC.","FL","2018-12-07","2018-12-07120700060954",-2217.39
266820874,"ASST_NON_FL0447L4H021503_086","FL0447L4H021503","COMMUNITY ACTION STOPS ABUSE INC","FL","2018-12-07","2018-12-07120700060997",-817
